"<continuous data>";;;;;;;;;;
"------------------------------------------------------------";;;;;;;;;;
"Glass";;;;;;;;;;
"ranges";"folds";"smooth";"TP";"FP";"Accuracy";"Precision";"Recall";"F";;
5;2;"true";0,44392523;0,2748899;0,6860861;0,43429092;0,44392523;0,42039183;;0,42039183
5;3;"true";0,45794392;0,26615766;0,69866365;0,46097887;0,45794392;0,43620005;;0,43620005
5;5;"true";0,5140187;0,24331321;0,7355883;0,51601857;0,5140187;0,4842201;;0,4842201
5;10;"true";0,4813084;0,2580063;0,7144292;0,49135014;0,4813084;0,45301378;;0,45301378
6;2;"true";0,44392523;0,2748899;0,6860861;0,43429092;0,44392523;0,42039183;;
6;3;"true";0,45794392;0,26615766;0,69866365;0,46097887;0,45794392;0,43620005;;
6;5;"true";0,5140187;0,24331321;0,7355883;0,51601857;0,5140187;0,4842201;;
6;10;"true";0,4813084;0,2580063;0,7144292;0,49135014;0,4813084;0,45301378;;
7;2;"true";0,44392523;0,2748899;0,6860861;0,43429092;0,44392523;0,42039183;;
7;3;"true";0,45794392;0,26615766;0,69866365;0,46097887;0,45794392;0,43620005;;
7;5;"true";0,5140187;0,24331321;0,7355883;0,51601857;0,5140187;0,4842201;;
7;10;"true";0,4813084;0,2580063;0,7144292;0,49135014;0,4813084;0,45301378;;
8;2;"true";0,44392523;0,2748899;0,6860861;0,43429092;0,44392523;0,42039183;;
8;3;"true";0,45794392;0,26615766;0,69866365;0,46097887;0,45794392;0,43620005;;
8;5;"true";0,5140187;0,24331321;0,7355883;0,51601857;0,5140187;0,4842201;;
8;10;"true";0,4813084;0,2580063;0,7144292;0,49135014;0,4813084;0,45301378;;
9;2;"true";0,44392523;0,2748899;0,6860861;0,43429092;0,44392523;0,42039183;;
9;3;"true";0,45794392;0,26615766;0,69866365;0,46097887;0,45794392;0,43620005;;
9;5;"true";0,5140187;0,24331321;0,7355883;0,51601857;0,5140187;0,4842201;;
9;10;"true";0,4813084;0,2580063;0,7144292;0,49135014;0,4813084;0,45301378;;
10;2;"true";0,44392523;0,2748899;0,6860861;0,43429092;0,44392523;0,42039183;;
10;3;"true";0,45794392;0,26615766;0,69866365;0,46097887;0,45794392;0,43620005;;
10;5;"true";0,5140187;0,24331321;0,7355883;0,51601857;0,5140187;0,4842201;;
10;10;"true";0,4813084;0,2580063;0,7144292;0,49135014;0,4813084;0,45301378;;
11;2;"true";0,44392523;0,2748899;0,6860861;0,43429092;0,44392523;0,42039183;;
11;3;"true";0,45794392;0,26615766;0,69866365;0,46097887;0,45794392;0,43620005;;
11;5;"true";0,5140187;0,24331321;0,7355883;0,51601857;0,5140187;0,4842201;;
11;10;"true";0,4813084;0,2580063;0,7144292;0,49135014;0,4813084;0,45301378;;
12;2;"true";0,44392523;0,2748899;0,6860861;0,43429092;0,44392523;0,42039183;;
12;3;"true";0,45794392;0,26615766;0,69866365;0,46097887;0,45794392;0,43620005;;
12;5;"true";0,5140187;0,24331321;0,7355883;0,51601857;0,5140187;0,4842201;;
12;10;"true";0,4813084;0,2580063;0,7144292;0,49135014;0,4813084;0,45301378;;
13;2;"true";0,44392523;0,2748899;0,6860861;0,43429092;0,44392523;0,42039183;;
13;3;"true";0,45794392;0,26615766;0,69866365;0,46097887;0,45794392;0,43620005;;
13;5;"true";0,5140187;0,24331321;0,7355883;0,51601857;0,5140187;0,4842201;;
13;10;"true";0,4813084;0,2580063;0,7144292;0,49135014;0,4813084;0,45301378;;
14;2;"true";0,44392523;0,2748899;0,6860861;0,43429092;0,44392523;0,42039183;;
14;3;"true";0,45794392;0,26615766;0,69866365;0,46097887;0,45794392;0,43620005;;
14;5;"true";0,5140187;0,24331321;0,7355883;0,51601857;0,5140187;0,4842201;;
14;10;"true";0,4813084;0,2580063;0,7144292;0,49135014;0,4813084;0,45301378;;
15;2;"true";0,44392523;0,2748899;0,6860861;0,43429092;0,44392523;0,42039183;;
15;3;"true";0,45794392;0,26615766;0,69866365;0,46097887;0,45794392;0,43620005;;
15;5;"true";0,5140187;0,24331321;0,7355883;0,51601857;0,5140187;0,4842201;;
15;10;"true";0,4813084;0,2580063;0,7144292;0,49135014;0,4813084;0,45301378;;
16;2;"true";0,44392523;0,2748899;0,6860861;0,43429092;0,44392523;0,42039183;;
16;3;"true";0,45794392;0,26615766;0,69866365;0,46097887;0,45794392;0,43620005;;
16;5;"true";0,5140187;0,24331321;0,7355883;0,51601857;0,5140187;0,4842201;;
16;10;"true";0,4813084;0,2580063;0,7144292;0,49135014;0,4813084;0,45301378;;
17;2;"true";0,44392523;0,2748899;0,6860861;0,43429092;0,44392523;0,42039183;;
17;3;"true";0,45794392;0,26615766;0,69866365;0,46097887;0,45794392;0,43620005;;
17;5;"true";0,5140187;0,24331321;0,7355883;0,51601857;0,5140187;0,4842201;;
17;10;"true";0,4813084;0,2580063;0,7144292;0,49135014;0,4813084;0,45301378;;
18;2;"true";0,44392523;0,2748899;0,6860861;0,43429092;0,44392523;0,42039183;;
18;3;"true";0,45794392;0,26615766;0,69866365;0,46097887;0,45794392;0,43620005;;
18;5;"true";0,5140187;0,24331321;0,7355883;0,51601857;0,5140187;0,4842201;;
18;10;"true";0,4813084;0,2580063;0,7144292;0,49135014;0,4813084;0,45301378;;
19;2;"true";0,44392523;0,2748899;0,6860861;0,43429092;0,44392523;0,42039183;;
19;3;"true";0,45794392;0,26615766;0,69866365;0,46097887;0,45794392;0,43620005;;
19;5;"true";0,5140187;0,24331321;0,7355883;0,51601857;0,5140187;0,4842201;;
19;10;"true";0,4813084;0,2580063;0,7144292;0,49135014;0,4813084;0,45301378;;
20;2;"true";0,44392523;0,2748899;0,6860861;0,43429092;0,44392523;0,42039183;;
20;3;"true";0,45794392;0,26615766;0,69866365;0,46097887;0,45794392;0,43620005;;
20;5;"true";0,5140187;0,24331321;0,7355883;0,51601857;0,5140187;0,4842201;;
20;10;"true";0,4813084;0,2580063;0,7144292;0,49135014;0,4813084;0,45301378;;
5;2;"false";0,44392523;0,2748899;0,6860861;0,43429092;0,44392523;0,42039183;;
5;3;"false";0,45794392;0,26615766;0,69866365;0,46097887;0,45794392;0,43620005;;
5;5;"false";0,5140187;0,24331321;0,7355883;0,51601857;0,5140187;0,4842201;;
5;10;"false";0,4813084;0,2580063;0,7144292;0,49135014;0,4813084;0,45301378;;
6;2;"false";0,44392523;0,2748899;0,6860861;0,43429092;0,44392523;0,42039183;;
6;3;"false";0,45794392;0,26615766;0,69866365;0,46097887;0,45794392;0,43620005;;
6;5;"false";0,5140187;0,24331321;0,7355883;0,51601857;0,5140187;0,4842201;;
6;10;"false";0,4813084;0,2580063;0,7144292;0,49135014;0,4813084;0,45301378;;
7;2;"false";0,44392523;0,2748899;0,6860861;0,43429092;0,44392523;0,42039183;;
7;3;"false";0,45794392;0,26615766;0,69866365;0,46097887;0,45794392;0,43620005;;
7;5;"false";0,5140187;0,24331321;0,7355883;0,51601857;0,5140187;0,4842201;;
7;10;"false";0,4813084;0,2580063;0,7144292;0,49135014;0,4813084;0,45301378;;
8;2;"false";0,44392523;0,2748899;0,6860861;0,43429092;0,44392523;0,42039183;;
8;3;"false";0,45794392;0,26615766;0,69866365;0,46097887;0,45794392;0,43620005;;
8;5;"false";0,5140187;0,24331321;0,7355883;0,51601857;0,5140187;0,4842201;;
8;10;"false";0,4813084;0,2580063;0,7144292;0,49135014;0,4813084;0,45301378;;
9;2;"false";0,44392523;0,2748899;0,6860861;0,43429092;0,44392523;0,42039183;;
9;3;"false";0,45794392;0,26615766;0,69866365;0,46097887;0,45794392;0,43620005;;
9;5;"false";0,5140187;0,24331321;0,7355883;0,51601857;0,5140187;0,4842201;;
9;10;"false";0,4813084;0,2580063;0,7144292;0,49135014;0,4813084;0,45301378;;
10;2;"false";0,44392523;0,2748899;0,6860861;0,43429092;0,44392523;0,42039183;;
10;3;"false";0,45794392;0,26615766;0,69866365;0,46097887;0,45794392;0,43620005;;
10;5;"false";0,5140187;0,24331321;0,7355883;0,51601857;0,5140187;0,4842201;;
10;10;"false";0,4813084;0,2580063;0,7144292;0,49135014;0,4813084;0,45301378;;
11;2;"false";0,44392523;0,2748899;0,6860861;0,43429092;0,44392523;0,42039183;;
11;3;"false";0,45794392;0,26615766;0,69866365;0,46097887;0,45794392;0,43620005;;
11;5;"false";0,5140187;0,24331321;0,7355883;0,51601857;0,5140187;0,4842201;;
11;10;"false";0,4813084;0,2580063;0,7144292;0,49135014;0,4813084;0,45301378;;
12;2;"false";0,44392523;0,2748899;0,6860861;0,43429092;0,44392523;0,42039183;;
12;3;"false";0,45794392;0,26615766;0,69866365;0,46097887;0,45794392;0,43620005;;
12;5;"false";0,5140187;0,24331321;0,7355883;0,51601857;0,5140187;0,4842201;;
12;10;"false";0,4813084;0,2580063;0,7144292;0,49135014;0,4813084;0,45301378;;
13;2;"false";0,44392523;0,2748899;0,6860861;0,43429092;0,44392523;0,42039183;;
13;3;"false";0,45794392;0,26615766;0,69866365;0,46097887;0,45794392;0,43620005;;
13;5;"false";0,5140187;0,24331321;0,7355883;0,51601857;0,5140187;0,4842201;;
13;10;"false";0,4813084;0,2580063;0,7144292;0,49135014;0,4813084;0,45301378;;
14;2;"false";0,44392523;0,2748899;0,6860861;0,43429092;0,44392523;0,42039183;;
14;3;"false";0,45794392;0,26615766;0,69866365;0,46097887;0,45794392;0,43620005;;
14;5;"false";0,5140187;0,24331321;0,7355883;0,51601857;0,5140187;0,4842201;;
14;10;"false";0,4813084;0,2580063;0,7144292;0,49135014;0,4813084;0,45301378;;
15;2;"false";0,44392523;0,2748899;0,6860861;0,43429092;0,44392523;0,42039183;;
15;3;"false";0,45794392;0,26615766;0,69866365;0,46097887;0,45794392;0,43620005;;
15;5;"false";0,5140187;0,24331321;0,7355883;0,51601857;0,5140187;0,4842201;;
15;10;"false";0,4813084;0,2580063;0,7144292;0,49135014;0,4813084;0,45301378;;
16;2;"false";0,44392523;0,2748899;0,6860861;0,43429092;0,44392523;0,42039183;;
16;3;"false";0,45794392;0,26615766;0,69866365;0,46097887;0,45794392;0,43620005;;
16;5;"false";0,5140187;0,24331321;0,7355883;0,51601857;0,5140187;0,4842201;;
16;10;"false";0,4813084;0,2580063;0,7144292;0,49135014;0,4813084;0,45301378;;
17;2;"false";0,44392523;0,2748899;0,6860861;0,43429092;0,44392523;0,42039183;;
17;3;"false";0,45794392;0,26615766;0,69866365;0,46097887;0,45794392;0,43620005;;
17;5;"false";0,5140187;0,24331321;0,7355883;0,51601857;0,5140187;0,4842201;;
17;10;"false";0,4813084;0,2580063;0,7144292;0,49135014;0,4813084;0,45301378;;
18;2;"false";0,44392523;0,2748899;0,6860861;0,43429092;0,44392523;0,42039183;;
18;3;"false";0,45794392;0,26615766;0,69866365;0,46097887;0,45794392;0,43620005;;
18;5;"false";0,5140187;0,24331321;0,7355883;0,51601857;0,5140187;0,4842201;;
18;10;"false";0,4813084;0,2580063;0,7144292;0,49135014;0,4813084;0,45301378;;
19;2;"false";0,44392523;0,2748899;0,6860861;0,43429092;0,44392523;0,42039183;;
19;3;"false";0,45794392;0,26615766;0,69866365;0,46097887;0,45794392;0,43620005;;
19;5;"false";0,5140187;0,24331321;0,7355883;0,51601857;0,5140187;0,4842201;;
19;10;"false";0,4813084;0,2580063;0,7144292;0,49135014;0,4813084;0,45301378;;
20;2;"false";0,44392523;0,2748899;0,6860861;0,43429092;0,44392523;0,42039183;;
20;3;"false";0,45794392;0,26615766;0,69866365;0,46097887;0,45794392;0,43620005;;
20;5;"false";0,5140187;0,24331321;0,7355883;0,51601857;0,5140187;0,4842201;;
20;10;"false";0,4813084;0,2580063;0,7144292;0,49135014;0,4813084;0,45301378;;
"iris";;;;;;;;;;
"ranges";"folds";"smooth";"TP";"FP";"Accuracy";"Precision";"Recall";"F";;
5;2;"true";0,62666667;0,18666667;0,7511111;0,570068;0,62666667;0,55179524;;0,55179524
5;3;"true";0,6066667;0,19666667;0,7377778;0,5;0,6066667;0,52258855;;0,52258855
5;5;"true";0,6066667;0,19666667;0,7377778;0,5;0,6066667;0,52258855;;0,52258855
5;10;"true";0,6066667;0,19666667;0,7377778;0,5;0,6066667;0,52258855;;0,52258855
6;2;"true";0,62666667;0,18666667;0,7511111;0,570068;0,62666667;0,55179524;;
6;3;"true";0,6066667;0,19666667;0,7377778;0,5;0,6066667;0,52258855;;
6;5;"true";0,6066667;0,19666667;0,7377778;0,5;0,6066667;0,52258855;;
6;10;"true";0,6066667;0,19666667;0,7377778;0,5;0,6066667;0,52258855;;
7;2;"true";0,62666667;0,18666667;0,7511111;0,570068;0,62666667;0,55179524;;
7;3;"true";0,6066667;0,19666667;0,7377778;0,5;0,6066667;0,52258855;;
7;5;"true";0,6066667;0,19666667;0,7377778;0,5;0,6066667;0,52258855;;
7;10;"true";0,6066667;0,19666667;0,7377778;0,5;0,6066667;0,52258855;;
8;2;"true";0,62666667;0,18666667;0,7511111;0,570068;0,62666667;0,55179524;;
8;3;"true";0,6066667;0,19666667;0,7377778;0,5;0,6066667;0,52258855;;
8;5;"true";0,6066667;0,19666667;0,7377778;0,5;0,6066667;0,52258855;;
8;10;"true";0,6066667;0,19666667;0,7377778;0,5;0,6066667;0,52258855;;
9;2;"true";0,62666667;0,18666667;0,7511111;0,570068;0,62666667;0,55179524;;
9;3;"true";0,6066667;0,19666667;0,7377778;0,5;0,6066667;0,52258855;;
9;5;"true";0,6066667;0,19666667;0,7377778;0,5;0,6066667;0,52258855;;
9;10;"true";0,6066667;0,19666667;0,7377778;0,5;0,6066667;0,52258855;;
10;2;"true";0,62666667;0,18666667;0,7511111;0,570068;0,62666667;0,55179524;;
10;3;"true";0,6066667;0,19666667;0,7377778;0,5;0,6066667;0,52258855;;
10;5;"true";0,6066667;0,19666667;0,7377778;0,5;0,6066667;0,52258855;;
10;10;"true";0,6066667;0,19666667;0,7377778;0,5;0,6066667;0,52258855;;
11;2;"true";0,62666667;0,18666667;0,7511111;0,570068;0,62666667;0,55179524;;
11;3;"true";0,6066667;0,19666667;0,7377778;0,5;0,6066667;0,52258855;;
11;5;"true";0,6066667;0,19666667;0,7377778;0,5;0,6066667;0,52258855;;
11;10;"true";0,6066667;0,19666667;0,7377778;0,5;0,6066667;0,52258855;;
12;2;"true";0,62666667;0,18666667;0,7511111;0,570068;0,62666667;0,55179524;;
12;3;"true";0,6066667;0,19666667;0,7377778;0,5;0,6066667;0,52258855;;
12;5;"true";0,6066667;0,19666667;0,7377778;0,5;0,6066667;0,52258855;;
12;10;"true";0,6066667;0,19666667;0,7377778;0,5;0,6066667;0,52258855;;
13;2;"true";0,62666667;0,18666667;0,7511111;0,570068;0,62666667;0,55179524;;
13;3;"true";0,6066667;0,19666667;0,7377778;0,5;0,6066667;0,52258855;;
13;5;"true";0,6066667;0,19666667;0,7377778;0,5;0,6066667;0,52258855;;
13;10;"true";0,6066667;0,19666667;0,7377778;0,5;0,6066667;0,52258855;;
14;2;"true";0,62666667;0,18666667;0,7511111;0,570068;0,62666667;0,55179524;;
14;3;"true";0,6066667;0,19666667;0,7377778;0,5;0,6066667;0,52258855;;
14;5;"true";0,6066667;0,19666667;0,7377778;0,5;0,6066667;0,52258855;;
14;10;"true";0,6066667;0,19666667;0,7377778;0,5;0,6066667;0,52258855;;
15;2;"true";0,62666667;0,18666667;0,7511111;0,570068;0,62666667;0,55179524;;
15;3;"true";0,6066667;0,19666667;0,7377778;0,5;0,6066667;0,52258855;;
15;5;"true";0,6066667;0,19666667;0,7377778;0,5;0,6066667;0,52258855;;
15;10;"true";0,6066667;0,19666667;0,7377778;0,5;0,6066667;0,52258855;;
16;2;"true";0,62666667;0,18666667;0,7511111;0,570068;0,62666667;0,55179524;;
16;3;"true";0,6066667;0,19666667;0,7377778;0,5;0,6066667;0,52258855;;
16;5;"true";0,6066667;0,19666667;0,7377778;0,5;0,6066667;0,52258855;;
16;10;"true";0,6066667;0,19666667;0,7377778;0,5;0,6066667;0,52258855;;
17;2;"true";0,62666667;0,18666667;0,7511111;0,570068;0,62666667;0,55179524;;
17;3;"true";0,6066667;0,19666667;0,7377778;0,5;0,6066667;0,52258855;;
17;5;"true";0,6066667;0,19666667;0,7377778;0,5;0,6066667;0,52258855;;
17;10;"true";0,6066667;0,19666667;0,7377778;0,5;0,6066667;0,52258855;;
18;2;"true";0,62666667;0,18666667;0,7511111;0,570068;0,62666667;0,55179524;;
18;3;"true";0,6066667;0,19666667;0,7377778;0,5;0,6066667;0,52258855;;
18;5;"true";0,6066667;0,19666667;0,7377778;0,5;0,6066667;0,52258855;;
18;10;"true";0,6066667;0,19666667;0,7377778;0,5;0,6066667;0,52258855;;
19;2;"true";0,62666667;0,18666667;0,7511111;0,570068;0,62666667;0,55179524;;
19;3;"true";0,6066667;0,19666667;0,7377778;0,5;0,6066667;0,52258855;;
19;5;"true";0,6066667;0,19666667;0,7377778;0,5;0,6066667;0,52258855;;
19;10;"true";0,6066667;0,19666667;0,7377778;0,5;0,6066667;0,52258855;;
20;2;"true";0,62666667;0,18666667;0,7511111;0,570068;0,62666667;0,55179524;;
20;3;"true";0,6066667;0,19666667;0,7377778;0,5;0,6066667;0,52258855;;
20;5;"true";0,6066667;0,19666667;0,7377778;0,5;0,6066667;0,52258855;;
20;10;"true";0,6066667;0,19666667;0,7377778;0,5;0,6066667;0,52258855;;
5;2;"false";0,62666667;0,18666667;0,7511111;0,570068;0,62666667;0,55179524;;
5;3;"false";0,6066667;0,19666667;0,7377778;0,5;0,6066667;0,52258855;;
5;5;"false";0,6066667;0,19666667;0,7377778;0,5;0,6066667;0,52258855;;
5;10;"false";0,6066667;0,19666667;0,7377778;0,5;0,6066667;0,52258855;;
6;2;"false";0,62666667;0,18666667;0,7511111;0,570068;0,62666667;0,55179524;;
6;3;"false";0,6066667;0,19666667;0,7377778;0,5;0,6066667;0,52258855;;
6;5;"false";0,6066667;0,19666667;0,7377778;0,5;0,6066667;0,52258855;;
6;10;"false";0,6066667;0,19666667;0,7377778;0,5;0,6066667;0,52258855;;
7;2;"false";0,62666667;0,18666667;0,7511111;0,570068;0,62666667;0,55179524;;
7;3;"false";0,6066667;0,19666667;0,7377778;0,5;0,6066667;0,52258855;;
7;5;"false";0,6066667;0,19666667;0,7377778;0,5;0,6066667;0,52258855;;
7;10;"false";0,6066667;0,19666667;0,7377778;0,5;0,6066667;0,52258855;;
8;2;"false";0,62666667;0,18666667;0,7511111;0,570068;0,62666667;0,55179524;;
8;3;"false";0,6066667;0,19666667;0,7377778;0,5;0,6066667;0,52258855;;
8;5;"false";0,6066667;0,19666667;0,7377778;0,5;0,6066667;0,52258855;;
8;10;"false";0,6066667;0,19666667;0,7377778;0,5;0,6066667;0,52258855;;
9;2;"false";0,62666667;0,18666667;0,7511111;0,570068;0,62666667;0,55179524;;
9;3;"false";0,6066667;0,19666667;0,7377778;0,5;0,6066667;0,52258855;;
9;5;"false";0,6066667;0,19666667;0,7377778;0,5;0,6066667;0,52258855;;
9;10;"false";0,6066667;0,19666667;0,7377778;0,5;0,6066667;0,52258855;;
10;2;"false";0,62666667;0,18666667;0,7511111;0,570068;0,62666667;0,55179524;;
10;3;"false";0,6066667;0,19666667;0,7377778;0,5;0,6066667;0,52258855;;
10;5;"false";0,6066667;0,19666667;0,7377778;0,5;0,6066667;0,52258855;;
10;10;"false";0,6066667;0,19666667;0,7377778;0,5;0,6066667;0,52258855;;
11;2;"false";0,62666667;0,18666667;0,7511111;0,570068;0,62666667;0,55179524;;
11;3;"false";0,6066667;0,19666667;0,7377778;0,5;0,6066667;0,52258855;;
11;5;"false";0,6066667;0,19666667;0,7377778;0,5;0,6066667;0,52258855;;
11;10;"false";0,6066667;0,19666667;0,7377778;0,5;0,6066667;0,52258855;;
12;2;"false";0,62666667;0,18666667;0,7511111;0,570068;0,62666667;0,55179524;;
12;3;"false";0,6066667;0,19666667;0,7377778;0,5;0,6066667;0,52258855;;
12;5;"false";0,6066667;0,19666667;0,7377778;0,5;0,6066667;0,52258855;;
12;10;"false";0,6066667;0,19666667;0,7377778;0,5;0,6066667;0,52258855;;
13;2;"false";0,62666667;0,18666667;0,7511111;0,570068;0,62666667;0,55179524;;
13;3;"false";0,6066667;0,19666667;0,7377778;0,5;0,6066667;0,52258855;;
13;5;"false";0,6066667;0,19666667;0,7377778;0,5;0,6066667;0,52258855;;
13;10;"false";0,6066667;0,19666667;0,7377778;0,5;0,6066667;0,52258855;;
14;2;"false";0,62666667;0,18666667;0,7511111;0,570068;0,62666667;0,55179524;;
14;3;"false";0,6066667;0,19666667;0,7377778;0,5;0,6066667;0,52258855;;
14;5;"false";0,6066667;0,19666667;0,7377778;0,5;0,6066667;0,52258855;;
14;10;"false";0,6066667;0,19666667;0,7377778;0,5;0,6066667;0,52258855;;
15;2;"false";0,62666667;0,18666667;0,7511111;0,570068;0,62666667;0,55179524;;
15;3;"false";0,6066667;0,19666667;0,7377778;0,5;0,6066667;0,52258855;;
15;5;"false";0,6066667;0,19666667;0,7377778;0,5;0,6066667;0,52258855;;
15;10;"false";0,6066667;0,19666667;0,7377778;0,5;0,6066667;0,52258855;;
16;2;"false";0,62666667;0,18666667;0,7511111;0,570068;0,62666667;0,55179524;;
16;3;"false";0,6066667;0,19666667;0,7377778;0,5;0,6066667;0,52258855;;
16;5;"false";0,6066667;0,19666667;0,7377778;0,5;0,6066667;0,52258855;;
16;10;"false";0,6066667;0,19666667;0,7377778;0,5;0,6066667;0,52258855;;
17;2;"false";0,62666667;0,18666667;0,7511111;0,570068;0,62666667;0,55179524;;
17;3;"false";0,6066667;0,19666667;0,7377778;0,5;0,6066667;0,52258855;;
17;5;"false";0,6066667;0,19666667;0,7377778;0,5;0,6066667;0,52258855;;
17;10;"false";0,6066667;0,19666667;0,7377778;0,5;0,6066667;0,52258855;;
18;2;"false";0,62666667;0,18666667;0,7511111;0,570068;0,62666667;0,55179524;;
18;3;"false";0,6066667;0,19666667;0,7377778;0,5;0,6066667;0,52258855;;
18;5;"false";0,6066667;0,19666667;0,7377778;0,5;0,6066667;0,52258855;;
18;10;"false";0,6066667;0,19666667;0,7377778;0,5;0,6066667;0,52258855;;
19;2;"false";0,62666667;0,18666667;0,7511111;0,570068;0,62666667;0,55179524;;
19;3;"false";0,6066667;0,19666667;0,7377778;0,5;0,6066667;0,52258855;;
19;5;"false";0,6066667;0,19666667;0,7377778;0,5;0,6066667;0,52258855;;
19;10;"false";0,6066667;0,19666667;0,7377778;0,5;0,6066667;0,52258855;;
20;2;"false";0,62666667;0,18666667;0,7511111;0,570068;0,62666667;0,55179524;;
20;3;"false";0,6066667;0,19666667;0,7377778;0,5;0,6066667;0,52258855;;
20;5;"false";0,6066667;0,19666667;0,7377778;0,5;0,6066667;0,52258855;;
20;10;"false";0,6066667;0,19666667;0,7377778;0,5;0,6066667;0,52258855;;
"wine";;;;;;;;;;
"ranges";"folds";"smooth";"TP";"FP";"Accuracy";"Precision";"Recall";"F";;
5;2;"true";0,78651685;0,118096225;0,85699403;0,82567793;0,78651685;0,7790119;;0,7790119
5;3;"true";0,78651685;0,11903865;0,8566153;0,82406497;0,78651685;0,7786339;;0,7786339
5;5;"true";0,7921348;0,11154109;0,8611286;0,83769035;0,7921348;0,7865732;;0,7865732
5;10;"true";0,7977528;0,108755715;0,8652317;0,8411321;0,7977528;0,7917903;;0,7917903
6;2;"true";0,78651685;0,118096225;0,85699403;0,82567793;0,78651685;0,7790119;;
6;3;"true";0,78651685;0,11903865;0,8566153;0,82406497;0,78651685;0,7786339;;
6;5;"true";0,7921348;0,11154109;0,8611286;0,83769035;0,7921348;0,7865732;;
6;10;"true";0,7977528;0,108755715;0,8652317;0,8411321;0,7977528;0,7917903;;
7;2;"true";0,78651685;0,118096225;0,85699403;0,82567793;0,78651685;0,7790119;;
7;3;"true";0,78651685;0,11903865;0,8566153;0,82406497;0,78651685;0,7786339;;
7;5;"true";0,7921348;0,11154109;0,8611286;0,83769035;0,7921348;0,7865732;;
7;10;"true";0,7977528;0,108755715;0,8652317;0,8411321;0,7977528;0,7917903;;
8;2;"true";0,78651685;0,118096225;0,85699403;0,82567793;0,78651685;0,7790119;;
8;3;"true";0,78651685;0,11903865;0,8566153;0,82406497;0,78651685;0,7786339;;
8;5;"true";0,7921348;0,11154109;0,8611286;0,83769035;0,7921348;0,7865732;;
8;10;"true";0,7977528;0,108755715;0,8652317;0,8411321;0,7977528;0,7917903;;
9;2;"true";0,78651685;0,118096225;0,85699403;0,82567793;0,78651685;0,7790119;;
9;3;"true";0,78651685;0,11903865;0,8566153;0,82406497;0,78651685;0,7786339;;
9;5;"true";0,7921348;0,11154109;0,8611286;0,83769035;0,7921348;0,7865732;;
9;10;"true";0,7977528;0,108755715;0,8652317;0,8411321;0,7977528;0,7917903;;
10;2;"true";0,78651685;0,118096225;0,85699403;0,82567793;0,78651685;0,7790119;;
10;3;"true";0,78651685;0,11903865;0,8566153;0,82406497;0,78651685;0,7786339;;
10;5;"true";0,7921348;0,11154109;0,8611286;0,83769035;0,7921348;0,7865732;;
10;10;"true";0,7977528;0,108755715;0,8652317;0,8411321;0,7977528;0,7917903;;
11;2;"true";0,78651685;0,118096225;0,85699403;0,82567793;0,78651685;0,7790119;;
11;3;"true";0,78651685;0,11903865;0,8566153;0,82406497;0,78651685;0,7786339;;
11;5;"true";0,7921348;0,11154109;0,8611286;0,83769035;0,7921348;0,7865732;;
11;10;"true";0,7977528;0,108755715;0,8652317;0,8411321;0,7977528;0,7917903;;
12;2;"true";0,78651685;0,118096225;0,85699403;0,82567793;0,78651685;0,7790119;;
12;3;"true";0,78651685;0,11903865;0,8566153;0,82406497;0,78651685;0,7786339;;
12;5;"true";0,7921348;0,11154109;0,8611286;0,83769035;0,7921348;0,7865732;;
12;10;"true";0,7977528;0,108755715;0,8652317;0,8411321;0,7977528;0,7917903;;
13;2;"true";0,78651685;0,118096225;0,85699403;0,82567793;0,78651685;0,7790119;;
13;3;"true";0,78651685;0,11903865;0,8566153;0,82406497;0,78651685;0,7786339;;
13;5;"true";0,7921348;0,11154109;0,8611286;0,83769035;0,7921348;0,7865732;;
13;10;"true";0,7977528;0,108755715;0,8652317;0,8411321;0,7977528;0,7917903;;
14;2;"true";0,78651685;0,118096225;0,85699403;0,82567793;0,78651685;0,7790119;;
14;3;"true";0,78651685;0,11903865;0,8566153;0,82406497;0,78651685;0,7786339;;
14;5;"true";0,7921348;0,11154109;0,8611286;0,83769035;0,7921348;0,7865732;;
14;10;"true";0,7977528;0,108755715;0,8652317;0,8411321;0,7977528;0,7917903;;
15;2;"true";0,78651685;0,118096225;0,85699403;0,82567793;0,78651685;0,7790119;;
15;3;"true";0,78651685;0,11903865;0,8566153;0,82406497;0,78651685;0,7786339;;
15;5;"true";0,7921348;0,11154109;0,8611286;0,83769035;0,7921348;0,7865732;;
15;10;"true";0,7977528;0,108755715;0,8652317;0,8411321;0,7977528;0,7917903;;
16;2;"true";0,78651685;0,118096225;0,85699403;0,82567793;0,78651685;0,7790119;;
16;3;"true";0,78651685;0,11903865;0,8566153;0,82406497;0,78651685;0,7786339;;
16;5;"true";0,7921348;0,11154109;0,8611286;0,83769035;0,7921348;0,7865732;;
16;10;"true";0,7977528;0,108755715;0,8652317;0,8411321;0,7977528;0,7917903;;
17;2;"true";0,78651685;0,118096225;0,85699403;0,82567793;0,78651685;0,7790119;;
17;3;"true";0,78651685;0,11903865;0,8566153;0,82406497;0,78651685;0,7786339;;
17;5;"true";0,7921348;0,11154109;0,8611286;0,83769035;0,7921348;0,7865732;;
17;10;"true";0,7977528;0,108755715;0,8652317;0,8411321;0,7977528;0,7917903;;
18;2;"true";0,78651685;0,118096225;0,85699403;0,82567793;0,78651685;0,7790119;;
18;3;"true";0,78651685;0,11903865;0,8566153;0,82406497;0,78651685;0,7786339;;
18;5;"true";0,7921348;0,11154109;0,8611286;0,83769035;0,7921348;0,7865732;;
18;10;"true";0,7977528;0,108755715;0,8652317;0,8411321;0,7977528;0,7917903;;
19;2;"true";0,78651685;0,118096225;0,85699403;0,82567793;0,78651685;0,7790119;;
19;3;"true";0,78651685;0,11903865;0,8566153;0,82406497;0,78651685;0,7786339;;
19;5;"true";0,7921348;0,11154109;0,8611286;0,83769035;0,7921348;0,7865732;;
19;10;"true";0,7977528;0,108755715;0,8652317;0,8411321;0,7977528;0,7917903;;
20;2;"true";0,78651685;0,118096225;0,85699403;0,82567793;0,78651685;0,7790119;;
20;3;"true";0,78651685;0,11903865;0,8566153;0,82406497;0,78651685;0,7786339;;
20;5;"true";0,7921348;0,11154109;0,8611286;0,83769035;0,7921348;0,7865732;;
20;10;"true";0,7977528;0,108755715;0,8652317;0,8411321;0,7977528;0,7917903;;
5;2;"false";0,78651685;0,118096225;0,85699403;0,82567793;0,78651685;0,7790119;;
5;3;"false";0,78651685;0,11903865;0,8566153;0,82406497;0,78651685;0,7786339;;
5;5;"false";0,7921348;0,11154109;0,8611286;0,83769035;0,7921348;0,7865732;;
5;10;"false";0,7977528;0,108755715;0,8652317;0,8411321;0,7977528;0,7917903;;
6;2;"false";0,78651685;0,118096225;0,85699403;0,82567793;0,78651685;0,7790119;;
6;3;"false";0,78651685;0,11903865;0,8566153;0,82406497;0,78651685;0,7786339;;
6;5;"false";0,7921348;0,11154109;0,8611286;0,83769035;0,7921348;0,7865732;;
6;10;"false";0,7977528;0,108755715;0,8652317;0,8411321;0,7977528;0,7917903;;
7;2;"false";0,78651685;0,118096225;0,85699403;0,82567793;0,78651685;0,7790119;;
7;3;"false";0,78651685;0,11903865;0,8566153;0,82406497;0,78651685;0,7786339;;
7;5;"false";0,7921348;0,11154109;0,8611286;0,83769035;0,7921348;0,7865732;;
7;10;"false";0,7977528;0,108755715;0,8652317;0,8411321;0,7977528;0,7917903;;
8;2;"false";0,78651685;0,118096225;0,85699403;0,82567793;0,78651685;0,7790119;;
8;3;"false";0,78651685;0,11903865;0,8566153;0,82406497;0,78651685;0,7786339;;
8;5;"false";0,7921348;0,11154109;0,8611286;0,83769035;0,7921348;0,7865732;;
8;10;"false";0,7977528;0,108755715;0,8652317;0,8411321;0,7977528;0,7917903;;
9;2;"false";0,78651685;0,118096225;0,85699403;0,82567793;0,78651685;0,7790119;;
9;3;"false";0,78651685;0,11903865;0,8566153;0,82406497;0,78651685;0,7786339;;
9;5;"false";0,7921348;0,11154109;0,8611286;0,83769035;0,7921348;0,7865732;;
9;10;"false";0,7977528;0,108755715;0,8652317;0,8411321;0,7977528;0,7917903;;
10;2;"false";0,78651685;0,118096225;0,85699403;0,82567793;0,78651685;0,7790119;;
10;3;"false";0,78651685;0,11903865;0,8566153;0,82406497;0,78651685;0,7786339;;
10;5;"false";0,7921348;0,11154109;0,8611286;0,83769035;0,7921348;0,7865732;;
10;10;"false";0,7977528;0,108755715;0,8652317;0,8411321;0,7977528;0,7917903;;
11;2;"false";0,78651685;0,118096225;0,85699403;0,82567793;0,78651685;0,7790119;;
11;3;"false";0,78651685;0,11903865;0,8566153;0,82406497;0,78651685;0,7786339;;
11;5;"false";0,7921348;0,11154109;0,8611286;0,83769035;0,7921348;0,7865732;;
11;10;"false";0,7977528;0,108755715;0,8652317;0,8411321;0,7977528;0,7917903;;
12;2;"false";0,78651685;0,118096225;0,85699403;0,82567793;0,78651685;0,7790119;;
12;3;"false";0,78651685;0,11903865;0,8566153;0,82406497;0,78651685;0,7786339;;
12;5;"false";0,7921348;0,11154109;0,8611286;0,83769035;0,7921348;0,7865732;;
12;10;"false";0,7977528;0,108755715;0,8652317;0,8411321;0,7977528;0,7917903;;
13;2;"false";0,78651685;0,118096225;0,85699403;0,82567793;0,78651685;0,7790119;;
13;3;"false";0,78651685;0,11903865;0,8566153;0,82406497;0,78651685;0,7786339;;
13;5;"false";0,7921348;0,11154109;0,8611286;0,83769035;0,7921348;0,7865732;;
13;10;"false";0,7977528;0,108755715;0,8652317;0,8411321;0,7977528;0,7917903;;
14;2;"false";0,78651685;0,118096225;0,85699403;0,82567793;0,78651685;0,7790119;;
14;3;"false";0,78651685;0,11903865;0,8566153;0,82406497;0,78651685;0,7786339;;
14;5;"false";0,7921348;0,11154109;0,8611286;0,83769035;0,7921348;0,7865732;;
14;10;"false";0,7977528;0,108755715;0,8652317;0,8411321;0,7977528;0,7917903;;
15;2;"false";0,78651685;0,118096225;0,85699403;0,82567793;0,78651685;0,7790119;;
15;3;"false";0,78651685;0,11903865;0,8566153;0,82406497;0,78651685;0,7786339;;
15;5;"false";0,7921348;0,11154109;0,8611286;0,83769035;0,7921348;0,7865732;;
15;10;"false";0,7977528;0,108755715;0,8652317;0,8411321;0,7977528;0,7917903;;
16;2;"false";0,78651685;0,118096225;0,85699403;0,82567793;0,78651685;0,7790119;;
16;3;"false";0,78651685;0,11903865;0,8566153;0,82406497;0,78651685;0,7786339;;
16;5;"false";0,7921348;0,11154109;0,8611286;0,83769035;0,7921348;0,7865732;;
16;10;"false";0,7977528;0,108755715;0,8652317;0,8411321;0,7977528;0,7917903;;
17;2;"false";0,78651685;0,118096225;0,85699403;0,82567793;0,78651685;0,7790119;;
17;3;"false";0,78651685;0,11903865;0,8566153;0,82406497;0,78651685;0,7786339;;
17;5;"false";0,7921348;0,11154109;0,8611286;0,83769035;0,7921348;0,7865732;;
17;10;"false";0,7977528;0,108755715;0,8652317;0,8411321;0,7977528;0,7917903;;
18;2;"false";0,78651685;0,118096225;0,85699403;0,82567793;0,78651685;0,7790119;;
18;3;"false";0,78651685;0,11903865;0,8566153;0,82406497;0,78651685;0,7786339;;
18;5;"false";0,7921348;0,11154109;0,8611286;0,83769035;0,7921348;0,7865732;;
18;10;"false";0,7977528;0,108755715;0,8652317;0,8411321;0,7977528;0,7917903;;
19;2;"false";0,78651685;0,118096225;0,85699403;0,82567793;0,78651685;0,7790119;;
19;3;"false";0,78651685;0,11903865;0,8566153;0,82406497;0,78651685;0,7786339;;
19;5;"false";0,7921348;0,11154109;0,8611286;0,83769035;0,7921348;0,7865732;;
19;10;"false";0,7977528;0,108755715;0,8652317;0,8411321;0,7977528;0,7917903;;
20;2;"false";0,78651685;0,118096225;0,85699403;0,82567793;0,78651685;0,7790119;;
20;3;"false";0,78651685;0,11903865;0,8566153;0,82406497;0,78651685;0,7786339;;
20;5;"false";0,7921348;0,11154109;0,8611286;0,83769035;0,7921348;0,7865732;;
20;10;"false";0,7977528;0,108755715;0,8652317;0,8411321;0,7977528;0,7917903;;
;;;;;;;;;;
;;;;;;;;;;
;;;;;;;;;;
"RangeDiscretizer";;;;;;;;;;
"------------------------------------------------------------";;;;;;;;;;
"Glass";;;;;;;;;;
"ranges";"folds";"smooth";"TP";"FP";"Accuracy";"Precision";"Recall";"F";;
5;2;"true";0,58928573;0,1717489;0,8180007;0,6204539;0,58928573;0,5250421;;
5;3;"true";0,48214287;0,20620835;0,7654656;0,4732576;0,48214287;0,404077;;
5;5;"true";0,5535714;0,1915078;0,8011799;0,54764163;0,5535714;0,45265827;;
5;10;"true";0,5535714;0,1922801;0,8000638;0,6698661;0,5535714;0,4572145;;
6;2;"true";0,519084;0,21281703;0,7693608;0,4874757;0,519084;0,46009406;;
6;3;"true";0,6259542;0,17692567;0,8230872;0,6697814;0,6259542;0,57344455;;
6;5;"true";0,5801527;0,19365536;0,8003612;0,61587024;0,5801527;0,5221167;;
6;10;"true";0,58778626;0,19421229;0,8038575;0,64297324;0,58778626;0,52718896;;
7;2;"true";0,60583943;0,16061549;0,8183175;0,50382006;0,60583943;0,5451046;;
7;3;"true";0,6131387;0,15938774;0,82002234;0,6094346;0,6131387;0,5629869;;
7;5;"true";0,6277372;0,1512633;0,83089143;0,51703167;0,6277372;0,5623604;;
7;10;"true";0,57664233;0,17360473;0,80105495;0,4877611;0,57664233;0,52159476;;
8;2;"true";0,48618785;0,26534477;0,7138671;0,44035783;0,48618785;0,44827577;;
8;3;"true";0,6132597;0,20644522;0,7976862;0,5592388;0,6132597;0,5616007;;
8;5;"true";0,6243094;0,20093775;0,80311966;0,5650269;0,6243094;0,5733288;;
8;10;"true";0,64640886;0,18923862;0,8169775;0,5788837;0,64640886;0,59323317;;
9;2;"true";0,5837838;0,21043636;0,7783491;0,58790296;0,5837838;0,54026306;;
9;3;"true";0,61621624;0,19461389;0,80435354;0,55177385;0,61621624;0,5579634;;
9;5;"true";0,6108108;0,19687638;0,7959971;0,5365734;0,6108108;0,5587867;;
9;10;"true";0,65405405;0,17520688;0,8230533;0,56664574;0,65405405;0,5977886;;
10;2;"true";0,44680852;0,27715775;0,69474304;0,48275545;0,44680852;0,41536823;;
10;3;"true";0,5425532;0,23316547;0,75186735;0,48665285;0,5425532;0,49730998;;
10;5;"true";0,54787236;0,22667302;0,7594782;0,48151028;0,54787236;0,4977215;;
10;10;"true";0,56914896;0,2163173;0,7720122;0,49776283;0,56914896;0,51866347;;
11;2;"true";0,63589746;0,19042376;0,80612755;0,54771143;0,63589746;0,5819645;;
11;3;"true";0,5897436;0,2157376;0,78009206;0,5213357;0,5897436;0,5391736;;
11;5;"true";0,62564105;0,19616735;0,80071;0,5434888;0,62564105;0,57264125;;
11;10;"true";0,63589746;0,18989146;0,8076529;0,5471183;0,63589746;0,5813389;;
12;2;"true";0,52682924;0,26203585;0,7289471;0,4815456;0,52682924;0,48332077;;
12;3;"true";0,64878047;0,19579767;0,8099703;0,57655823;0,64878047;0,5968769;;
12;5;"true";0,64878047;0,19680882;0,8097561;0,5795216;0,64878047;0,59721684;;
12;10;"true";0,6390244;0,20154546;0,80316484;0,5701166;0,6390244;0,5881654;;
13;2;"true";0,52884614;0,25377467;0,7398761;0,48568618;0,52884614;0,4809736;;
13;3;"true";0,47596154;0,2792819;0,7046737;0,4367072;0,47596154;0,43482292;;
13;5;"true";0,53365386;0,25154012;0,7395063;0,48190874;0,53365386;0,48581755;;
13;10;"true";0,5192308;0,2577412;0,73143953;0,46854216;0,5192308;0,47180238;;
14;2;"true";0,57425743;0,22777951;0,76737577;0,5082242;0,57425743;0,52293813;;
14;3;"true";0,5891089;0,21988073;0,777865;0,5226215;0,5891089;0,53794265;;
14;5;"true";0,52970296;0,24945356;0,73715806;0,47089645;0,52970296;0,48541793;;
14;10;"true";0,56435645;0,23237127;0,76088125;0,4987566;0,56435645;0,51392895;;
15;2;"true";0,5769231;0,22024955;0,7699935;0,49878857;0,5769231;0,52606964;;
15;3;"true";0,6298077;0,196119;0,80526537;0,5497237;0,6298077;0,5737041;;
15;5;"true";0,625;0,19310284;0,802538;0,53046095;0,625;0,56805336;;
15;10;"true";0,6201923;0,1976339;0,79717547;0,52956593;0,6201923;0,5652074;;
16;2;"true";0,6127451;0,2109925;0,7860679;0,5389379;0,6127451;0,5641241;;
16;3;"true";0,6372549;0,19825928;0,8036813;0,56010634;0,6372549;0,58550286;;
16;5;"true";0,6666667;0,18469834;0,82290465;0,58784664;0,6666667;0,6123996;;
16;10;"true";0,65686274;0,18989275;0,8152393;0,5785427;0,65686274;0,6038481;;
17;2;"true";0,4857143;0,26855007;0,70614517;0,43012336;0,4857143;0,44797394;;
17;3;"true";0,5857143;0,21518873;0,7793651;0,51027495;0,5857143;0,52950513;;
17;5;"true";0,5904762;0,21055953;0,7790023;0,50419456;0,5904762;0,53722566;;
17;10;"true";0,6142857;0,20069294;0,7933787;0,5263853;0,6142857;0,56012374;;
18;2;"true";0,56666666;0,22326867;0,76163256;0,4897549;0,56666666;0,51786476;;
18;3;"true";0,6;0,206693;0,7884127;0,5168813;0,6;0,5444033;;
18;5;"true";0,61904764;0,19893914;0,7987755;0,5342109;0,61904764;0,5626669;;
18;10;"true";0,61904764;0,19893914;0,7976417;0,53280073;0,61904764;0,56357867;;
19;2;"true";0,5981308;0,20924196;0,7836929;0,5144522;0,5981308;0,54330444;;
19;3;"true";0,62616825;0,1946775;0,8042187;0,5344017;0,62616825;0,56730694;;
19;5;"true";0,63084114;0,19394499;0,80472094;0,5401778;0,63084114;0,57352215;;
19;10;"true";0,63084114;0,19394499;0,8056162;0,54147255;0,63084114;0,5729442;;
20;2;"true";0,62616825;0,19440494;0,802319;0,534713;0,62616825;0,5684261;;
20;3;"true";0,6448598;0,18528938;0,8154424;0,54801124;0,6448598;0,5849661;;
20;5;"true";0,6448598;0,1837797;0,8159664;0,54542536;0,6448598;0,5840809;;
20;10;"true";0,6542056;0,17953855;0,82208055;0,55324817;0,6542056;0,59245735;;
5;2;"false";0,4642857;0,18956634;0,76155937;0,4855637;0,4642857;0,4400306;;
5;3;"false";0,4107143;0,21184514;0,73660713;0,4274854;0,4107143;0,37482947;;
5;5;"false";0,49107143;0,19154322;0,7777424;0,5216417;0,49107143;0,4381856;;
5;10;"false";0,49107143;0,19496202;0,77439415;0,5028015;0,49107143;0,44477043;;
6;2;"false";0,46564886;0,21006063;0,751413;0,50175816;0,46564886;0,43452182;;
6;3;"false";0,5648855;0,18391937;0,7971563;0,56644535;0,5648855;0,5231558;;
6;5;"false";0,519084;0,20148148;0,7722743;0,5282141;0,519084;0,476791;;
6;10;"false";0,5496183;0,19337946;0,78789115;0,5480925;0,5496183;0,49898076;;
7;2;"false";0,5109489;0,19984253;0,76024294;0,5420087;0,5109489;0,49166933;;
7;3;"false";0,50364965;0,20295992;0,7582183;0,54008317;0,50364965;0,47618002;;
7;5;"false";0,54744524;0,1848933;0,78539073;0,47632983;0,54744524;0,49629274;;
7;10;"false";0,5328467;0,19155324;0,7761202;0,4633394;0,5328467;0,48560774;;
8;2;"false";0,46961325;0,261586;0,705534;0,42779532;0,46961325;0,43916038;;
8;3;"false";0,5745856;0,20896973;0,7716797;0,56828946;0,5745856;0,53939575;;
8;5;"false";0,59116024;0,2009698;0,787125;0,5232261;0,59116024;0,54207855;;
8;10;"false";0,640884;0,18063335;0,8164891;0,5553252;0,640884;0,5864834;;
9;2;"false";0,4918919;0,25140765;0,7197954;0,53219706;0,4918919;0,4619357;;
9;3;"false";0,6054054;0,1949053;0,7952958;0,6151941;0,6054054;0,5606427;;
9;5;"false";0,6378378;0,17974387;0,81195027;0,62496895;0,6378378;0,6004246;;
9;10;"false";0,6486486;0,17442565;0,817268;0,62960297;0,6486486;0,61124146;;
10;2;"false";0,40425533;0,28433326;0,6684586;0,44714853;0,40425533;0,39446396;;
10;3;"false";0,47340426;0,25954217;0,70591897;0,4940197;0,47340426;0,45559648;;
10;5;"false";0,5319149;0,23091254;0,7439452;0,52790457;0,5319149;0,50341916;;
10;10;"false";0,53723407;0,22746643;0,7474819;0,5341831;0,53723407;0,5092197;;
11;2;"false";0,52307695;0,23483633;0,74282706;0,56613964;0,52307695;0,48626143;;
11;3;"false";0,53846157;0,23199537;0,749165;0,5569151;0,53846157;0,50196457;;
11;5;"false";0,5897436;0,20664585;0,7758317;0,62834007;0,5897436;0,5579631;;
11;10;"false";0,5897436;0,20760827;0,7756213;0,6267013;0,5897436;0,55806166;;
12;2;"false";0,49756098;0,26156294;0,70710284;0,5662398;0,49756098;0,48712832;;
12;3;"false";0,6292683;0,1961709;0,7913385;0,65535146;0,6292683;0,60637265;;
12;5;"false";0,62439024;0,19948085;0,78867334;0,6065443;0,62439024;0,5970847;;
12;10;"false";0,6097561;0,20759696;0,7797501;0,5964676;0,6097561;0,5816432;;
13;2;"false";0,4471154;0,28032517;0,69478095;0,42591366;0,4471154;0,40789777;;
13;3;"false";0,45673078;0,27823874;0,69748527;0,42292324;0,45673078;0,41890052;;
13;5;"false";0,4903846;0,26069066;0,71629995;0,50208336;0,4903846;0,45633796;;
13;10;"false";0,49519232;0,25988573;0,719143;0,5036846;0,49519232;0,45900452;;
14;2;"false";0,48514852;0,25463414;0,72264975;0,46180183;0,48514852;0,4470657;;
14;3;"false";0,48514852;0,2584886;0,71931666;0,45983586;0,48514852;0,44444454;;
14;5;"false";0,5;0,25206372;0,7229684;0,45225045;0,5;0,46385768;;
14;10;"false";0,53960395;0,2331911;0,74982846;0,47939092;0,53960395;0,49662697;;
15;2;"false";0,47596154;0,26148418;0,7125324;0,45951143;0,47596154;0,44234425;;
15;3;"false";0,52403843;0,23945436;0,7419332;0,5318026;0,52403843;0,48537096;;
15;5;"false";0,52884614;0,2354775;0,74431396;0,5502034;0,52884614;0,49263403;;
15;10;"false";0,53365386;0,233782;0,7473188;0,55093026;0,53365386;0,4961643;;
16;2;"false";0,50980395;0,24910288;0,7236159;0,52826667;0,50980395;0,4794426;;
16;3;"false";0,5245098;0,24560857;0,73423684;0,5301255;0,5245098;0,49139205;;
16;5;"false";0,5588235;0,22970319;0,75756925;0,5072887;0,5588235;0,5146235;;
16;10;"false";0,5735294;0,22266996;0,7679499;0,5167865;0,5735294;0,5270423;;
17;2;"false";0,44761905;0,28480393;0,6832427;0,4838801;0,44761905;0,42757598;;
17;3;"false";0,5190476;0,24453047;0,7358277;0,4821409;0,5190476;0,47582322;;
17;5;"false";0,52380955;0,24418767;0,733356;0,5436231;0,52380955;0,49279785;;
17;10;"false";0,54285717;0,23508403;0,7464172;0,5537881;0,54285717;0,51081026;;
18;2;"false";0,47619048;0,26389384;0,7088209;0,5649741;0,47619048;0,45027494;;
18;3;"false";0,52380955;0,2411124;0,73442173;0,57995915;0,52380955;0,50009185;;
18;5;"false";0,54761904;0,22972168;0,7492517;0,5927565;0,54761904;0,52442545;;
18;10;"false";0,5714286;0,21728797;0,7644444;0,6103943;0,5714286;0,5457607;;
19;2;"false";0,48598132;0,2592301;0,7175736;0,5074914;0,48598132;0,44546473;;
19;3;"false";0,52803737;0,23601207;0,7456764;0,4937064;0,52803737;0,4810386;;
19;5;"false";0,5186916;0,24236676;0,73654896;0,5176397;0,5186916;0,4794742;;
19;10;"false";0,5373832;0,2323748;0,74840593;0,53189874;0,5373832;0,4967045;;
20;2;"false";0,46728972;0,2683163;0,706874;0,49914968;0,46728972;0,42468935;;
20;3;"false";0,53271025;0,2362127;0,7471831;0,5962865;0,53271025;0,4949815;;
20;5;"false";0,53271025;0,2362127;0,7461569;0,5945125;0,53271025;0,4963505;;
20;10;"false";0,5420561;0,23166959;0,7536029;0,559301;0,5420561;0,49719024;;
"iris";;;;;;;;;;
"ranges";"folds";"smooth";"TP";"FP";"Accuracy";"Precision";"Recall";"F";;
5;2;"true";0,97637796;0,012092239;0,985678;0,97791857;0,97637796;0,976231;;
5;3;"true";0,96062994;0,022318233;0,974146;0,96177244;0,96062994;0,96046543;;
5;5;"true";0,96850395;0,016122986;0,9809039;0,97118443;0,96850395;0,9682196;;
5;10;"true";0,96850395;0,016122986;0,9809039;0,97118443;0,96850395;0,9682196;;
6;2;"true";0,9662162;0,016721267;0,97762966;0,96733475;0,9662162;0,96618444;;
6;3;"true";0,9527027;0,023409773;0,9686815;0,9537704;0,9527027;0,95265836;;
6;5;"true";0,9527027;0,023409775;0,9686815;0,95568866;0,9527027;0,9525793;;
6;10;"true";0,9527027;0,023409773;0,9686815;0,9537704;0,9527027;0,95265836;;
7;2;"true";0,95714283;0,021215577;0,97244895;0,9592114;0,95714283;0,9569722;;
7;3;"true";0,9714286;0,013552504;0,98163265;0,9714286;0,9714286;0,9714286;;
7;5;"true";0,95;0,023938587;0,9678571;0,950085;0,95;0,94996905;;
7;10;"true";0,95714283;0,019885346;0,97244895;0,95777774;0,95714283;0,957164;;
8;2;"true";0,9266667;0,036666665;0,95111114;0,9276061;0,9266667;0,9266005;;
8;3;"true";0,94666666;0,026666667;0,96444446;0,94711536;0,94666666;0,9466453;;
8;5;"true";0,93333334;0,033333335;0,9555555;0,9337607;0,93333334;0,9333067;;
8;10;"true";0,94;0,03;0,96;0,9409875;0,94;0,939946;;
9;2;"true";0,94520545;0,026838135;0,96397066;0,9495542;0,94520545;0,9449906;;
9;3;"true";0,9794521;0,0100643;0,98648906;0,97958595;0,9794521;0,97944987;;
9;5;"true";0,9520548;0,023483366;0,9684744;0,9551354;0,9520548;0,9519244;;
9;10;"true";0,9589041;0,0201286;0,97297806;0,96091574;0,9589041;0,9588326;;
10;2;"true";0,9246575;0,037018254;0,9504597;0,92473495;0,9246575;0,92463297;;
10;3;"true";0,96575344;0,01688328;0,97748166;0,9658666;0,96575344;0,96574223;;
10;5;"true";0,9520548;0,02338667;0,9684744;0,95219743;0,9520548;0,95206004;;
10;10;"true";0,9589041;0,020343242;0,97297806;0,9593697;0,9589041;0,9588684;;
11;2;"true";0,94;0,03;0,96;0,9401094;0,94;0,939994;;
11;3;"true";0,9533333;0,023333333;0,9688889;0,95344806;0,9533333;0,95332867;;
11;5;"true";0,9533333;0,023333333;0,9688889;0,95344806;0,9533333;0,95332867;;
11;10;"true";0,9533333;0,023333333;0,9688889;0,95344806;0,9533333;0,95332867;;
12;2;"true";0,94;0,03;0,96;0,9401094;0,94;0,939994;;
12;3;"true";0,93333334;0,033333335;0,9555555;0,93505096;0,93333334;0,9332265;;
12;5;"true";0,94666666;0,026666667;0,96444446;0,94711536;0,94666666;0,9466453;;
12;10;"true";0,94666666;0,026666667;0,96444446;0,94711536;0,94666666;0,9466453;;
13;2;"true";0,93333334;0,033333335;0,9555555;0,9337607;0,93333334;0,9333067;;
13;3;"true";0,94;0,03;0,96;0,9401094;0,94;0,939994;;
13;5;"true";0,94666666;0,026666667;0,96444446;0,94666666;0,94666666;0,94666666;;
13;10;"true";0,9533333;0,023333333;0,9688889;0,95344806;0,9533333;0,95332867;;
14;2;"true";0,94;0,03;0,96;0,9401094;0,94;0,939994;;
14;3;"true";0,94;0,03;0,96;0,9401362;0,94;0,93962806;;
14;5;"true";0,94;0,03;0,96;0,9401094;0,94;0,939994;;
14;10;"true";0,94;0,03;0,96;0,9401094;0,94;0,939994;;
15;2;"true";0,93333334;0,033333335;0,9555555;0,93333334;0,93333334;0,93333334;;
15;3;"true";0,93333334;0,033333335;0,9555555;0,9329198;0,93333334;0,93306327;;
15;5;"true";0,94;0,03;0,96;0,9401094;0,94;0,939994;;
15;10;"true";0,94;0,03;0,96;0,9401094;0,94;0,939994;;
16;2;"true";0,94;0,03;0,96;0,9401094;0,94;0,939994;;
16;3;"true";0,93333334;0,033333335;0,9555555;0,9337607;0,93333334;0,9333067;;
16;5;"true";0,94666666;0,026666667;0,96444446;0,94666666;0,94666666;0,94666666;;
16;10;"true";0,9533333;0,023333333;0,9688889;0,95344806;0,9533333;0,95332867;;
17;2;"true";0,94;0,03;0,96;0,9401094;0,94;0,939994;;
17;3;"true";0,91333336;0,043333333;0,9422223;0,9126477;0,91333336;0,9129286;;
17;5;"true";0,94;0,03;0,96;0,9401094;0,94;0,939994;;
17;10;"true";0,93333334;0,033333335;0,9555555;0,93333334;0,93333334;0,93333334;;
18;2;"true";0,91333336;0,043333333;0,9422223;0,9129902;0,91333336;0,912979;;
18;3;"true";0,94;0,03;0,96;0,9401094;0,94;0,939994;;
18;5;"true";0,94666666;0,026666667;0,96444446;0,94666666;0,94666666;0,94666666;;
18;10;"true";0,94;0,03;0,96;0,9401094;0,94;0,939994;;
19;2;"true";0,94;0,03;0,96;0,9401094;0,94;0,939994;;
19;3;"true";0,94;0,03;0,96;0,9401362;0,94;0,93962806;;
19;5;"true";0,94;0,03;0,96;0,9409875;0,94;0,939946;;
19;10;"true";0,94666666;0,026666667;0,96444446;0,94711536;0,94666666;0,9466453;;
20;2;"true";0,9266667;0,036666665;0,95111114;0,9266337;0,9266667;0,9262193;;
20;3;"true";0,91333336;0,043333333;0,9422222;0,9125028;0,91333336;0,91248685;;
20;5;"true";0,94;0,03;0,96;0,9401094;0,94;0,939994;;
20;10;"true";0,93333334;0,033333335;0,9555555;0,9337607;0,93333334;0,9333067;;
5;2;"false";0,96850395;0,014970912;0,9809039;0,9690617;0,96850395;0,9683846;;
5;3;"false";0,9448819;0,030309903;0,963606;0,94516444;0,9448819;0,94442445;;
5;5;"false";0,93700784;0,03434065;0,9588319;0,93758297;0,93700784;0,9364434;;
5;10;"false";0,96062994;0,019001657;0,97612995;0,961922;0,96062994;0,9603849;;
6;2;"false";0,9189189;0,040646397;0,94608295;0,92352957;0,9189189;0,9170252;;
6;3;"false";0,9459459;0,02696017;0,96411616;0,9461249;0,9459459;0,9455706;;
6;5;"false";0,9459459;0,026857097;0,96416175;0,94652194;0,9459459;0,9457731;;
6;10;"false";0,9459459;0,026857097;0,96416175;0,94652194;0,9459459;0,9457731;;
7;2;"false";0,95;0,02581569;0,9670408;0,95110214;0,95;0,9497287;;
7;3;"false";0,96428573;0,01707735;0,9768877;0,9645954;0,96428573;0,96421576;;
7;5;"false";0,9357143;0,031346697;0,9582142;0,9370745;0,9357143;0,93544346;;
7;10;"false";0,94285715;0,028180277;0,96280617;0,94358313;0,94285715;0,9425805;;
8;2;"false";0,9066667;0,046666667;0,9377778;0,9071415;0,9066667;0,90563375;;
8;3;"false";0,9266667;0,036666665;0,95111114;0,92652214;0,9266667;0,9260301;;
8;5;"false";0,92;0,04;0,94666666;0,9201773;0,92;0,91926545;;
8;10;"false";0,9266667;0,036666665;0,95111114;0,92652214;0,9266667;0,9260301;;
9;2;"false";0,9041096;0,04951775;0,9358228;0,91877234;0,9041096;0,90483093;;
9;3;"false";0,9520548;0,024333708;0,9680991;0,95302516;0,9520548;0,9517002;;
9;5;"false";0,9589041;0,020766355;0,9726966;0,9593259;0,9589041;0,958658;;
9;10;"false";0,9589041;0,020766355;0,9726966;0,9593259;0,9589041;0,958658;;
10;2;"false";0,8767123;0,06210361;0,9179958;0,88415223;0,8767123;0,87484485;;
10;3;"false";0,96575344;0,017198937;0,9774349;0,9662266;0,96575344;0,96549684;;
10;5;"false";0,9246575;0,037656076;0,9499906;0,9248605;0,9246575;0,92372715;;
10;10;"false";0,9520548;0,023702327;0,9684275;0,9517424;0,9520548;0,9518309;;
11;2;"false";0,85333335;0,07333333;0,9022222;0,86825967;0,85333335;0,8520337;;
11;3;"false";0,9;0,05;0,93333334;0,9056322;0,9;0,8992154;;
11;5;"false";0,9066667;0,046666667;0,9377778;0,90747476;0,9066667;0,9055305;;
11;10;"false";0,91333336;0,043333333;0,9422222;0,9153298;0,91333336;0,91236234;;
12;2;"false";0,84;0,08;0,8933333;0,86216146;0,84;0,83884656;;
12;3;"false";0,94;0,03;0,96;0,9405863;0,94;0,9395605;;
12;5;"false";0,9266667;0,036666665;0,951111;0,9268212;0,9266667;0,92594856;;
12;10;"false";0,94666666;0,026666667;0,96444446;0,9466239;0,94666666;0,94638926;;
13;2;"false";0,87333333;0,06333333;0,91555554;0,8802947;0,87333333;0,8718568;;
13;3;"false";0,9266667;0,036666665;0,951111;0,9278141;0,9266667;0,9258976;;
13;5;"false";0,9066667;0,046666667;0,9377778;0,91109365;0,9066667;0,905834;;
13;10;"false";0,93333334;0,033333335;0,9555555;0,93414927;0,93333334;0,9327351;;
14;2;"false";0,86;0,07;0,9066667;0,8723408;0,86;0,8581968;;
14;3;"false";0,88;0,06;0,92;0,88591266;0,88;0,878156;;
14;5;"false";0,9;0,05;0,93333334;0,90124714;0,9;0,89876455;;
14;10;"false";0,91333336;0,043333333;0,9422222;0,91387075;0,91333336;0,91227937;;
15;2;"false";0,84;0,08;0,8933333;0,8646007;0,84;0,8379501;;
15;3;"false";0,85333335;0,07333333;0,9022222;0,8614483;0,85333335;0,85092145;;
15;5;"false";0,91333336;0,043333333;0,9422222;0,9136982;0,91333336;0,91238284;;
15;10;"false";0,92;0,04;0,94666666;0,9211906;0,92;0,91931224;;
16;2;"false";0,8466667;0,07666667;0,89777774;0,8613622;0,8466667;0,84507287;;
16;3;"false";0,8466667;0,07666667;0,89777774;0,856102;0,8466667;0,84420687;;
16;5;"false";0,88666666;0,05666667;0,9244445;0,89289236;0,88666666;0,884858;;
16;10;"false";0,9066667;0,046666667;0,9377777;0,9098992;0,9066667;0,9056951;;
17;2;"false";0,79333335;0,10333333;0,8622222;0,8350869;0,79333335;0,7910867;;
17;3;"false";0,8466667;0,07666667;0,8977778;0,8552183;0,8466667;0,8438253;;
17;5;"false";0,9;0,05;0,93333334;0,90171;0,9;0,8987258;;
17;10;"false";0,8933333;0,053333335;0,92888886;0,8947125;0,8933333;0,8917628;;
18;2;"false";0,7733333;0,11333334;0,84888893;0,82096153;0,7733333;0,7715581;;
18;3;"false";0,82;0,09;0,88;0,839612;0,82;0,81738186;;
18;5;"false";0,88;0,06;0,92;0,8869047;0,88;0,87859964;;
18;10;"false";0,87333333;0,06333333;0,91555554;0,88056517;0,87333333;0,87157285;;
19;2;"false";0,7266667;0,13666667;0,81777775;0,7911936;0,7266667;0,72150785;;
19;3;"false";0,82;0,09;0,88;0,85079366;0,82;0,81812865;;
19;5;"false";0,8666667;0,06666667;0,9111111;0,87444437;0,8666667;0,8645117;;
19;10;"false";0,87333333;0,06333333;0,91555554;0,88056517;0,87333333;0,87157285;;
20;2;"false";0,74;0,13;0,82666665;0,80710953;0,74;0,73616296;;
20;3;"false";0,81333333;0,093333334;0,8755555;0,831065;0,81333333;0,80989116;;
20;5;"false";0,87333333;0,06333333;0,91555554;0,87728566;0,87333333;0,87146026;;
20;10;"false";0,8666667;0,06666667;0,9111111;0,8692042;0,8666667;0,8644124;;
"wine";;;;;;;;;;
"ranges";"folds";"smooth";"TP";"FP";"Accuracy";"Precision";"Recall";"F";;
5;2;"true";0,9719101;0,01769665;0,98017925;0,9727243;0,9719101;0,9720091;;
5;3;"true";0,9775281;0,013968834;0,98428226;0,9779898;0,9775281;0,97756463;;
5;5;"true";0,9775281;0,013968834;0,98428226;0,9779898;0,9775281;0,97756463;;
5;10;"true";0,9775281;0,013968834;0,98428226;0,9779898;0,9775281;0,97756463;;
6;2;"true";0,9550562;0,0288801;0,96856457;0,9579235;0,9550562;0,95528495;;
6;3;"true";0,9494382;0,031665485;0,9641144;0,9516312;0,9494382;0,94973564;;
6;5;"true";0,96067417;0,024209853;0,9719732;0,9616192;0,96067417;0,9608414;;
6;10;"true";0,9550562;0,02793767;0,96787024;0,95645964;0,9550562;0,95526177;;
7;2;"true";0,96067417;0,022556366;0,9723204;0,96086675;0,96067417;0,9607229;;
7;3;"true";0,96629214;0,017886115;0,9760763;0,96651906;0,96629214;0,9662386;;
7;5;"true";0,96629214;0,018828548;0,97642344;0,96635985;0,96629214;0,9662742;;
7;10;"true";0,96067417;0,022556366;0,9723204;0,96086675;0,96067417;0,9607229;;
8;2;"true";0,96629214;0,020482035;0,9760763;0,9669078;0,96629214;0,96640664;;
8;3;"true";0,9775281;0,013968834;0,98428226;0,9779898;0,9775281;0,97756463;;
8;5;"true";0,96629214;0,021424467;0,9760763;0,96759313;0,96629214;0,9664406;;
8;10;"true";0,9719101;0,01675422;0,98017925;0,97233146;0,9719101;0,9719596;;
9;2;"true";0,98876405;0,0065132002;0,99179393;0,98876405;0,98876405;0,98876405;;
9;3;"true";0,9719101;0,01675422;0,9794849;0,9719504;0,9719101;0,97188836;;
9;5;"true";0,9775281;0,012083968;0,98358786;0,9779178;0,9775281;0,97755486;;
9;10;"true";0,9775281;0,013968834;0,98393506;0,97789294;0,9775281;0,9775825;;
10;2;"true";0,96067417;0,024209853;0,9719732;0,9616192;0,96067417;0,9608414;;
10;3;"true";0,96067417;0,022556366;0,9719732;0,96079254;0,96067417;0,96069163;;
10;5;"true";0,9494382;0,030012;0,96446157;0,95036674;0,9494382;0,9496022;;
10;10;"true";0,94382024;0,033739816;0,9603585;0,9452792;0,94382024;0,94406015;;
11;2;"true";0,9550562;0,026995236;0,96787024;0,9558258;0,9550562;0,9552488;;
11;3;"true";0,9775281;0,012083968;0,98358786;0,9779178;0,9775281;0,97755486;;
11;5;"true";0,9719101;0,01675422;0,97983205;0,9721441;0,9719101;0,9719788;;
11;10;"true";0,96629214;0,020482035;0,9760763;0,9669078;0,96629214;0,96640664;;
12;2;"true";0,9719101;0,015100731;0,9809052;0,97197783;0,9719101;0,9718922;;
12;3;"true";0,96629214;0,021424467;0,9757291;0,96748936;0,96629214;0,96635795;;
12;5;"true";0,9719101;0,01675422;0,98017925;0,97233146;0,9719101;0,9719596;;
12;10;"true";0,9775281;0,013968834;0,98393506;0,97789294;0,9775281;0,9775825;;
13;2;"true";0,96067417;0,021613931;0,9719732;0,9607143;0,96067417;0,9606527;;
13;3;"true";0,96067417;0,021613931;0,97162604;0,960548;0,96067417;0,96056366;;
13;5;"true";0,96629214;0,017886115;0,9757291;0,966362;0,96629214;0,9661983;;
13;10;"true";0,96629214;0,017886115;0,9757291;0,966362;0,96629214;0,9661983;;
14;2;"true";0,9775281;0,011372915;0,98428226;0,9777337;0,9775281;0,9774612;;
14;3;"true";0,96067417;0,021613931;0,9719732;0,9607143;0,96067417;0,9606527;;
14;5;"true";0,9719101;0,015100731;0,98017925;0,9719369;0,9719101;0,97188133;;
14;10;"true";0,9719101;0,015100731;0,98017925;0,9719369;0,9719101;0,97188133;;
15;2;"true";0,9719101;0,014158298;0,98017925;0,9724778;0,9719101;0,9718159;;
15;3;"true";0,9494382;0,029069565;0,9641144;0,9497088;0,9494382;0,9495263;;
15;5;"true";0,9550562;0,02534175;0,9682174;0,9552176;0,9550562;0,9550855;;
15;10;"true";0,9550562;0,02534175;0,9682174;0,9552176;0,9550562;0,9550855;;
16;2;"true";0,96067417;0,02326742;0,97162604;0,96098626;0,96067417;0,9607821;;
16;3;"true";0,9719101;0,015811784;0,97983205;0,9723022;0,9719101;0,97196823;;
16;5;"true";0,96067417;0,02326742;0,97162604;0,96098626;0,96067417;0,9607821;;
16;10;"true";0,96067417;0,02326742;0,9719732;0,9612672;0,96067417;0,9608102;;
17;2;"true";0,9719101;0,01675422;0,97983205;0,9721441;0,9719101;0,9719788;;
17;3;"true";0,96629214;0,020482035;0,9757291;0,9667141;0,96629214;0,96637666;;
17;5;"true";0,96067417;0,022324987;0,9726992;0,9617615;0,96067417;0,9607505;;
17;10;"true";0,96629214;0,018597169;0,976455;0,967219;0,96629214;0,96642125;;
18;2;"true";0,94382024;0,03350844;0,95966417;0,94474375;0,94382024;0,94409084;;
18;3;"true";0,93820226;0,035582766;0,95590836;0,9385509;0,93820226;0,93832964;;
18;5;"true";0,94382024;0,03185495;0,9603585;0,9443128;0,94382024;0,9438621;;
18;10;"true";0,9494382;0,02978062;0,9641144;0,9505651;0,9494382;0,94962406;;
19;2;"true";0,96067417;0,022324987;0,97162604;0,96117014;0,96067417;0,96078604;;
19;3;"true";0,96629214;0,018597169;0,9760763;0,9673933;0,96629214;0,9663002;;
19;5;"true";0,96067417;0,022324987;0,9719732;0,9615208;0,96067417;0,9607634;;
19;10;"true";0,96629214;0,018597169;0,9760763;0,9673933;0,96629214;0,9663002;;
20;2;"true";0,94382024;0,03279738;0,9607057;0,9446501;0,94382024;0,9438754;;
20;3;"true";0,93820226;0,037236255;0,95590836;0,9397965;0,93820226;0,93856966;;
20;5;"true";0,96629214;0,020482035;0,9760763;0,9669078;0,96629214;0,96640664;;
20;10;"true";0,96629214;0,019539602;0,9760763;0,96684474;0,96629214;0,96635985;;
5;2;"false";0,8651685;0,07533111;0,90692466;0,87632185;0,8651685;0,8667336;;
5;3;"false";0,8651685;0,076273546;0,9083134;0,87906724;0,8651685;0,86422324;;
5;5;"false";0,92134833;0,04370754;0,94539833;0,92657137;0,92134833;0,9215266;;
5;10;"false";0,9325843;0,038136773;0,95360434;0,9362143;0,9325843;0,932548;;
6;2;"false";0,8764045;0,06693304;0,9162038;0,8921561;0,8764045;0,87685907;;
6;3;"false";0,85955054;0,07528919;0,9035476;0,8792106;0,85955054;0,86143243;;
6;5;"false";0,8764045;0,068817906;0,9126057;0,8838129;0,8764045;0,8780479;;
6;10;"false";0,9101124;0,051163174;0,9372238;0,91386884;0,9101124;0,9108854;;
7;2;"false";0,8033708;0,10266336;0,86611545;0,8328513;0,8033708;0,8050854;;
7;3;"false";0,8146067;0,094976336;0,87362707;0,855331;0,8146067;0,817445;;
7;5;"false";0,8426966;0,081280805;0,89265877;0,8642369;0,8426966;0,84362304;;
7;10;"false";0,8820225;0,061783116;0,9199281;0,8912694;0,8820225;0,8822031;;
8;2;"false";0,7977528;0,10898709;0,86276984;0,82437736;0,7977528;0,80035794;;
8;3;"false";0,8202247;0,09101716;0,8803181;0,87218195;0,8202247;0,824326;;
8;5;"false";0,7977528;0,108044654;0,8605921;0,82524264;0,7977528;0,8015226;;
8;10;"false";0,8707865;0,07089224;0,9117536;0,8790541;0,8707865;0,8717998;;
9;2;"false";0,76404494;0,118870996;0,84364355;0,8488106;0,76404494;0,7672768;;
9;3;"false";0,78651685;0,10961432;0,8560472;0,84679025;0,78651685;0,7911054;;
9;5;"false";0,8202247;0,09030609;0,8784876;0,8664922;0,8202247;0,8245177;;
9;10;"false";0,8426966;0,080106996;0,8948996;0,8737707;0,8426966;0,84568566;;
10;2;"false";0,7247191;0,13836867;0,81274456;0,83247745;0,7247191;0,7306606;;
10;3;"false";0,7977528;0,10427493;0,86387455;0,8416026;0,7977528;0,8012005;;
10;5;"false";0,7752809;0,1163589;0,84673655;0,82435524;0,7752809;0,7800904;;
10;10;"false";0,8202247;0,09407582;0,87810886;0,8496285;0,8202247;0,82346565;;
11;2;"false";0,6966292;0,15229559;0,79440725;0,8233196;0,6966292;0,70132375;;
11;3;"false";0,7696629;0,11985534;0,84228635;0,82691354;0,7696629;0,775678;;
11;5;"false";0,7921348;0,106828935;0,8568994;0,8461558;0,7921348;0,79827255;;
11;10;"false";0,83146065;0,08638881;0,8841686;0,87118196;0,83146065;0,8362925;;
12;2;"false";0,7022472;0,15162645;0,7999305;0,79737604;0,7022472;0,70456845;;
12;3;"false";0,7022472;0,15422237;0,80030924;0,79612845;0,7022472;0,7048779;;
12;5;"false";0,7696629;0,117028035;0,84083444;0,8424859;0,7696629;0,7744648;;
12;10;"false";0,8146067;0,09662983;0,87362707;0,8570099;0,8146067;0,81740355;;
13;2;"false";0,6797753;0,16088313;0,78497034;0,80198;0,6797753;0,67954546;;
13;3;"false";0,71348315;0,14605568;0,8041282;0,80089706;0,71348315;0,71648693;;
13;5;"false";0,747191;0,12674747;0,82694733;0,82102185;0,747191;0,75140494;;
13;10;"false";0,8033708;0,10054711;0,8665257;0,84867823;0,8033708;0,80727303;;
14;2;"false";0,66292137;0,16923927;0,7755649;0,79552984;0,66292137;0,6577738;;
14;3;"false";0,6292135;0,18877889;0,74690694;0,75832224;0,6292135;0,6223638;;
14;5;"false";0,7078652;0,14601378;0,80040395;0,8197634;0,7078652;0,70993066;;
14;10;"false";0,75842696;0,122830175;0,83550054;0,82770437;0,75842696;0,7616868;;
15;2;"false";0,64606744;0,17571057;0,76252997;0,8075276;0,64606744;0,63999563;;
15;3;"false";0,6853933;0,16186747;0,7879687;0,7790876;0,6853933;0,6864917;;
15;5;"false";0,6797753;0,16276799;0,7824138;0,7873228;0,6797753;0,68092793;;
15;10;"false";0,74157304;0,13401362;0,8246118;0,80594045;0,74157304;0,74266225;;
16;2;"false";0,6292135;0,18666266;0,75205153;0,79749197;0,6292135;0,6212599;;
16;3;"false";0,6348315;0,18387726;0,7557758;0,8002541;0,6348315;0,6249634;;
16;5;"false";0,6966292;0,15512289;0,79437566;0,8037687;0,6966292;0,69932765;;
16;10;"false";0,7303371;0,13841058;0,8182363;0,8205296;0,7303371;0,729842;;
17;2;"false";0,6235955;0,19039047;0,7468438;0,7870684;0,6235955;0,6156956;;
17;3;"false";0,6292135;0,18972132;0,7476644;0,7516929;0,6292135;0,6283806;;
17;5;"false";0,6797753;0,16159418;0,7820666;0,81100255;0,6797753;0,68021727;;
17;10;"false";0,71348315;0,1458243;0,80630594;0,8183922;0,71348315;0,71411586;;
18;2;"false";0,56179774;0,22008725;0,70461434;0,77569145;0,56179774;0,5398058;;
18;3;"false";0,5955056;0,20431738;0,7256344;0,7724339;0,5955056;0,5918568;;
18;5;"false";0,64044946;0,1803808;0,75479734;0,78599393;0,64044946;0,63804466;;
18;10;"false";0,7078652;0,14860968;0,8025817;0,81523544;0,7078652;0,71007365;;
19;2;"false";0,53932583;0,2293439;0,69258934;0,7939797;0,53932583;0,5058688;;
19;3;"false";0,58426964;0,2089457;0,7199533;0,78195345;0,58426964;0,57130885;;
19;5;"false";0,6123595;0,19501878;0,7382906;0,7898018;0,6123595;0,60585153;;
19;10;"false";0,6741573;0,16437955;0,78052014;0,810033;0,6741573;0,6748924;;
20;2;"false";0,53370786;0,2321293;0,68558264;0,7905174;0,53370786;0,5066848;;
20;3;"false";0,5730337;0,21663274;0,71171564;0,7357238;0,5730337;0,5598458;;
20;5;"false";0,6292135;0,18477777;0,74914783;0,8145188;0,6292135;0,62307626;;
20;10;"false";0,6853933;0,15621287;0,78616965;0,82111865;0,6853933;0,6851605;;
;;;;;;;;;;
;;;;;;;;;;
;;;;;;;;;;
"UniformDensityDiscretizer";;;;;;;;;;
"------------------------------------------------------------";;;;;;;;;;
"Glass";;;;;;;;;;
"ranges";"folds";"smooth";"TP";"FP";"Accuracy";"Precision";"Recall";"F";;
5;2;"true";0,59134614;0,22148535;0,77547145;0,5286394;0,59134614;0,5426848;;
5;3;"true";0,59134614;0,22105874;0,77778286;0,5296574;0,59134614;0,5404816;;
5;5;"true";0,59615386;0,21664125;0,7787999;0,5217209;0,59615386;0,54490685;;
5;10;"true";0,58653843;0,22249006;0,77274406;0,5186298;0,58653843;0,53723377;;
6;2;"true";0,6415094;0,19169454;0,8114543;0,5570876;0,6415094;0,5847516;;
6;3;"true";0,6745283;0,1750425;0,8317906;0,5821541;0,6745283;0,6154146;;
6;5;"true";0,6650943;0,1803144;0,8263839;0,5778585;0,6650943;0,6067388;;
6;10;"true";0,6509434;0,18714249;0,8175952;0,565433;0,6509434;0,593608;;
7;2;"true";0,5849057;0,22332607;0,7771894;0,5286457;0,5849057;0,5318621;;
7;3;"true";0,6556604;0,18261807;0,82144445;0,5631997;0,6556604;0,5962348;;
7;5;"true";0,6650943;0,17959455;0,8258054;0,5737572;0,6650943;0,60611963;;
7;10;"true";0,6462264;0,18977845;0,81452477;0,5627461;0,6462264;0,589347;;
8;2;"true";0,6214953;0,19788423;0,7968163;0,52880335;0,6214953;0,56546956;;
8;3;"true";0,6542056;0,18165208;0,82232076;0,5601202;0,6542056;0,5937695;;
8;5;"true";0,635514;0,19106957;0,8081711;0,5430658;0,635514;0,5772264;;
8;10;"true";0,6401869;0,18879803;0,81225437;0,54823714;0,6401869;0,5807926;;
9;2;"true";0,63084114;0,19210401;0,8043497;0,5339435;0,63084114;0,57283914;;
9;3;"true";0,63084114;0,19177271;0,80472094;0,5347091;0,63084114;0,57319134;;
9;5;"true";0,635514;0,19164406;0,80790895;0,54492986;0,635514;0,5778263;;
9;10;"true";0,6168224;0,20163606;0,79694736;0,5337286;0,6168224;0,5609962;;
10;2;"true";0,62616825;0,19313847;0,80448073;0,53051376;0,62616825;0,5674817;;
10;3;"true";0,6635514;0,17315449;0,8301162;0,5577144;0,6635514;0,5993209;;
10;5;"true";0,6588785;0,17787087;0,82513756;0,558482;0,6588785;0,5969346;;
10;10;"true";0,6542056;0,1819834;0,8216875;0,55980545;0,6542056;0,5932318;;
11;2;"true";0,63084114;0,19026305;0,808826;0,5340363;0,63084114;0,5705294;;
11;3;"true";0,6682243;0,17118487;0,8313827;0,5609709;0,6682243;0,6048229;;
11;5;"true";0,6588785;0,17971185;0,82398033;0,56259036;0,6588785;0,59796494;;
11;10;"true";0,6635514;0,17804417;0,8280636;0,56998163;0,6635514;0,60185176;;
12;2;"true";0,64953274;0,1784301;0,81876147;0,54144955;0,64953274;0,5875601;;
12;3;"true";0,6869159;0,16149482;0,84234434;0,57407516;0,6869159;0,62169105;;
12;5;"true";0,6682243;0,16994777;0,83151364;0,5593032;0,6682243;0,6046298;;
12;10;"true";0,6728972;0,16737428;0,83546597;0,56284505;0,6728972;0,6085605;;
13;2;"true";0,6168224;0,19523673;0,79631406;0,515474;0,6168224;0,55866075;;
13;3;"true";0,69158876;0,15798616;0,84719193;0,5779155;0,69158876;0,62557364;;
13;5;"true";0,6588785;0,17144214;0,82732123;0,5467456;0,6588785;0,59469146;;
13;10;"true";0,6588785;0,173887;0,8260328;0,54998666;0,6588785;0,59568715;;
14;2;"true";0,6168224;0,19584058;0,79836667;0,51860905;0,6168224;0,55876637;;
14;3;"true";0,6448598;0,18224068;0,81557345;0,54077345;0,6448598;0,5835906;;
14;5;"true";0,6401869;0,18294379;0,8150711;0,53652704;0,6401869;0,57916;;
14;10;"true";0,63084114;0,18932788;0,808564;0,5317318;0,63084114;0,571132;;
15;2;"true";0,63084114;0,18812016;0,8061403;0,5270926;0,63084114;0,5712537;;
15;3;"true";0,6168224;0,19584058;0,79836667;0,51860905;0,6168224;0,55876637;;
15;5;"true";0,63084114;0,18902595;0,8074286;0,52967787;0,63084114;0,57052976;;
15;10;"true";0,63084114;0,18902595;0,8090881;0,5312647;0,63084114;0,5703926;;
16;2;"true";0,6168224;0,19185671;0,80068123;0,5129827;0,6168224;0,5571853;;
16;3;"true";0,64953274;0,17719297;0,8218403;0,54160213;0,64953274;0,5865932;;
16;5;"true";0,6448598;0,17976646;0,81891423;0,5383155;0,6448598;0,5820757;;
16;10;"true";0,6448598;0,18160746;0,8186522;0,54175824;0,6448598;0,5826073;;
17;2;"true";0,59345794;0,21178606;0,78153116;0,50948054;0,59345794;0,5396588;;
17;3;"true";0,635514;0,18829344;0,8109879;0,5378417;0,635514;0,57552254;;
17;5;"true";0,61214954;0,19995311;0,7954407;0,5191295;0,61214954;0,5547584;;
17;10;"true";0,63084114;0,19116884;0,8079308;0,5355914;0,63084114;0,5714014;;
18;2;"true";0,62616825;0,19313847;0,80000436;0,52575153;0,62616825;0,5683046;;
18;3;"true";0,64953274;0,17996913;0,8169709;0,54294455;0,64953274;0,5883473;;
18;5;"true";0,6401869;0,18541802;0,80969954;0,5358226;0,6401869;0,580429;;
18;10;"true";0,6588785;0,17572796;0,8224517;0,5505342;0,6588785;0,59687275;;
19;2;"true";0,62616825;0,19223267;0,7992401;0,52285385;0,62616825;0,56782377;;
19;3;"true";0,6635514;0,17315449;0,8255088;0,5537332;0,6635514;0,6009939;;
19;5;"true";0,62616825;0,19313847;0,80000436;0,52575153;0,62616825;0,5683046;;
19;10;"true";0,6401869;0,18541802;0,8095685;0,53573817;0,6401869;0,58053815;;
20;2;"true";0,63084114;0,18781823;0,80448073;0,5250112;0,63084114;0,5711681;;
20;3;"true";0,6728972;0,16646849;0,83393747;0,559526;0,6728972;0,60835546;;
20;5;"true";0,6635514;0,17375836;0,8265351;0,55629796;0,6635514;0,60107636;;
20;10;"true";0,6588785;0,1760299;0,8224517;0,551268;0,6588785;0,5969126;;
5;2;"false";0,58653843;0,22095264;0,77292895;0,5215968;0,58653843;0,53899807;;
5;3;"false";0,59615386;0,21578804;0,78041786;0,5202806;0,59615386;0,542998;;
5;5;"false";0,59615386;0,21664125;0,7775518;0,52045006;0,59615386;0,54601556;;
5;10;"false";0,5769231;0,22509505;0,7656712;0,50882155;0,5769231;0,5300726;;
6;2;"false";0,6273585;0,19672295;0,80271006;0,54075634;0,6273585;0,5707691;;
6;3;"false";0,6650943;0,17762667;0,8277856;0,57787156;0,6650943;0,60781395;;
6;5;"false";0,6556604;0,18325852;0,82117736;0,57364976;0,6556604;0,600203;;
6;10;"false";0,6320755;0,19499858;0,8059363;0,5537246;0,6320755;0,5788423;;
7;2;"false";0,5283019;0,24587044;0,7471965;0,47191152;0,5283019;0,46884084;;
7;3;"false";0,5896226;0,21251455;0,7833748;0,51414466;0,5896226;0,5349163;;
7;5;"false";0,6509434;0,18525404;0,8167275;0,60124505;0,6509434;0,5980949;;
7;10;"false";0,6556604;0,18325852;0,82133317;0,5738494;0,6556604;0,59981215;;
8;2;"false";0,57009345;0,2195206;0,7655035;0,59272635;0,57009345;0,5323981;;
8;3;"false";0,5981308;0,20679711;0,7837366;0,5694069;0,5981308;0,5482421;;
8;5;"false";0,60280377;0,20530303;0,7889772;0,564761;0,60280377;0,55384284;;
8;10;"false";0,635514;0,18910027;0,810442;0,54694235;0,635514;0,57816243;;
9;2;"false";0,52803737;0,23887369;0,74914837;0,52731735;0,52803737;0,47690892;;
9;3;"false";0,61214954;0,19982475;0,79260206;0,6047896;0,61214954;0,57187533;;
9;5;"false";0,60280377;0,20908393;0,787929;0,62766165;0,60280377;0,55986065;;
9;10;"false";0,62616825;0,19772619;0,8018605;0,60303676;0,62616825;0,578873;;
10;2;"false";0,54672897;0,22450085;0,761311;0,53201216;0,54672897;0,4990184;;
10;3;"false";0,60747665;0,20439693;0,79151016;0,567298;0,60747665;0,55841357;;
10;5;"false";0,61214954;0,2042389;0,7979954;0,53646696;0,61214954;0,5520884;;
10;10;"false";0,63084114;0,19485077;0,808564;0,54843825;0,63084114;0,5710575;;
11;2;"false";0,53271025;0,23772237;0,74989086;0,5339528;0,53271025;0,47939703;;
11;3;"false";0,57476634;0,22210936;0,7731898;0,56639695;0,57476634;0,52322817;;
11;5;"false";0,5981308;0,20863809;0,7886933;0,6257429;0,5981308;0,54790777;;
11;10;"false";0,61214954;0,20272925;0,7986505;0,53378206;0,61214954;0,5512302;;
12;2;"false";0,48598132;0,25454342;0,72202814;0,52915;0,48598132;0,43481413;;
12;3;"false";0,57009345;0,21845709;0,76842946;0,52324957;0,57009345;0,52411336;;
12;5;"false";0,58878505;0,21090995;0,78301597;0,55869776;0,58878505;0,5383772;;
12;10;"false";0,5981308;0,20727265;0,79033095;0,5249629;0,5981308;0,5406622;;
13;2;"false";0,5;0,24863455;0,72956157;0,57239217;0,5;0,4590061;;
13;3;"false";0,59345794;0,20970191;0,7898288;0,58718836;0,59345794;0,5341649;;
13;5;"false";0,60280377;0,199235;0,79502577;0,5662928;0,60280377;0,5512248;;
13;10;"false";0,6168224;0,19483583;0,8035418;0,5714579;0,6168224;0,5622771;;
14;2;"false";0,46261683;0,2672099;0,7076601;0,5286159;0,46261683;0,4109555;;
14;3;"false";0,5233645;0,24347317;0,7438205;0,543686;0,5233645;0,47392133;;
14;5;"false";0,5607477;0,22484116;0,7666172;0,5467757;0,5607477;0,5131947;;
14;10;"false";0,5794392;0,21666075;0,77871424;0,55973643;0,5794392;0,52867717;;
15;2;"false";0,45327103;0,27180967;0,70353305;0,48152053;0,45327103;0,39426237;;
15;3;"false";0,5140187;0,24620467;0,7333173;0,53495026;0,5140187;0,47320762;;
15;5;"false";0,55607474;0,22346014;0,7647829;0,5228403;0,55607474;0,5079309;;
15;10;"false";0,5607477;0,21972607;0,76890993;0,52590895;0,5607477;0,5122458;;
16;2;"false";0,45794392;0,26646212;0,70565116;0,5562782;0,45794392;0,4107243;;
16;3;"false";0,52803737;0,23969197;0,7434274;0,54493773;0,52803737;0,48745522;;
16;5;"false";0,55140185;0,22482589;0,7602629;0,5356039;0,55140185;0,51078844;;
16;10;"false";0,5607477;0,21972607;0,7671849;0,53869694;0,5607477;0,5181729;;
17;2;"false";0,44859812;0,27438316;0,6972443;0,5709357;0,44859812;0,39551747;;
17;3;"false";0,52803737;0,23939003;0,7463316;0,54977006;0,52803737;0,4760277;;
17;5;"false";0,53271025;0,2380243;0,75089526;0,49142385;0,53271025;0,47604394;;
17;10;"false";0,52803737;0,24034297;0,74825317;0,48379588;0,52803737;0,47183684;;
18;2;"false";0,43457943;0,28059393;0,6909337;0,5263476;0,43457943;0,3620921;;
18;3;"false";0,4906542;0,2535806;0,72879726;0,54971063;0,4906542;0,42676163;;
18;5;"false";0,4906542;0,25569412;0,7262206;0,5342775;0,4906542;0,43388605;;
18;10;"false";0,48598132;0,25650313;0,72423357;0,5298486;0,48598132;0,43082702;;
19;2;"false";0,42523363;0,2848351;0,68322563;0,5602063;0,42523363;0,35529816;;
19;3;"false";0,5;0,24782978;0,73569745;0,56561524;0,5;0,43803635;;
19;5;"false";0,4906542;0,25412774;0,7260459;0,5751314;0,4906542;0,44153684;;
19;10;"false";0,5;0,24938656;0,7323347;0,55921435;0,5;0,44738027;;
20;2;"false";0,42990655;0,27948752;0,6897764;0,48223752;0,42990655;0,35611555;;
20;3;"false";0,47663552;0,2572182;0,7213949;0,5235958;0,47663552;0,42027047;;
20;5;"false";0,5046729;0,24893618;0,7354136;0,55344313;0,5046729;0,44875914;;
20;10;"false";0,48598132;0,2601359;0,72226834;0,5309883;0,48598132;0,43231308;;
"iris";;;;;;;;;;
"ranges";"folds";"smooth";"TP";"FP";"Accuracy";"Precision";"Recall";"F";;
5;2;"true";0,962963;0,017504163;0,9766804;0,96304595;0,962963;0,9629216;;
5;3;"true";0,9777778;0,011485643;0,9860082;0,97913843;0,9777778;0,9776842;;
5;5;"true";0,9777778;0,011485643;0,9860082;0,97913843;0,9777778;0,9776842;;
5;10;"true";0,97037035;0,014494902;0,9813443;0,97089595;0,97037035;0,9702958;;
6;2;"true";0,9496403;0,023548461;0,9677552;0,95090854;0,9496403;0,94960207;;
6;3;"true";0,9640288;0,01688432;0,976968;0,96418136;0,9640288;0,9640288;;
6;5;"true";0,9640288;0,01688432;0,976968;0,96418136;0,9640288;0,9640288;;
6;10;"true";0,9640288;0,01688432;0,976968;0,96418136;0,9640288;0,9640288;;
7;2;"true";0,9583333;0,020408163;0,9728009;0,95881313;0,9583333;0,9582955;;
7;3;"true";0,9305556;0,034749363;0,95408946;0,9300641;0,9305556;0,92985314;;
7;5;"true";0,9444444;0,026927438;0,9637345;0,9444444;0,9444444;0,9444444;;
7;10;"true";0,9444444;0,026927438;0,9637345;0,9444444;0,9444444;0,9444444;;
8;2;"true";0,9266667;0,036666665;0,95111114;0,92611706;0,9266667;0,92632926;;
8;3;"true";0,93333334;0,033333335;0,9555555;0,93398905;0,93333334;0,93285125;;
8;5;"true";0,94;0,03;0,96;0,9401362;0,94;0,93962806;;
8;10;"true";0,94666666;0,026666667;0,96444446;0,9475247;0,94666666;0,9462682;;
9;2;"true";0,94666666;0,026666667;0,96444446;0,94711536;0,94666666;0,9466453;;
9;3;"true";0,94;0,03;0,96;0,9409875;0,94;0,939946;;
9;5;"true";0,94;0,03;0,96;0,9409875;0,94;0,939946;;
9;10;"true";0,94;0,03;0,96;0,9409875;0,94;0,939946;;
10;2;"true";0,94;0,03;0,96;0,9401094;0,94;0,939994;;
10;3;"true";0,94;0,03;0,96;0,9409875;0,94;0,939946;;
10;5;"true";0,94;0,03;0,96;0,9409875;0,94;0,939946;;
10;10;"true";0,94;0,03;0,96;0,9409875;0,94;0,939946;;
11;2;"true";0,9533333;0,023333333;0,9688889;0,95344806;0,9533333;0,95332867;;
11;3;"true";0,94666666;0,026666667;0,96444446;0,94711536;0,94666666;0,9466453;;
11;5;"true";0,94666666;0,026666667;0,96444446;0,94711536;0,94666666;0,9466453;;
11;10;"true";0,9533333;0,023333333;0,9688889;0,954369;0,9533333;0,9532913;;
12;2;"true";0,9256757;0,036786787;0,9507853;0,9310248;0,9256757;0,9252945;;
12;3;"true";0,9189189;0,04013104;0,9463111;0,9227244;0,9189189;0,91861385;;
12;5;"true";0,9121622;0,043475293;0,94183713;0,9147215;0,9121622;0,9119329;;
12;10;"true";0,9121622;0,043475293;0,94183713;0,9147215;0,9121622;0,9119329;;
13;2;"true";0,92;0,04;0,94666666;0,9237013;0,92;0,919711;;
13;3;"true";0,9266667;0,036666665;0,95111114;0,9292929;0,9266667;0,92648286;;
13;5;"true";0,9266667;0,036666665;0,95111114;0,9292929;0,9266667;0,92648286;;
13;10;"true";0,9266667;0,036666665;0,95111114;0,9292929;0,9266667;0,92648286;;
14;2;"true";0,9533333;0,023333333;0,9688889;0,95344806;0,9533333;0,95332867;;
14;3;"true";0,93333334;0,033333335;0,9555555;0,93505096;0,93333334;0,9332265;;
14;5;"true";0,94;0,03;0,96;0,9409875;0,94;0,939946;;
14;10;"true";0,94;0,03;0,96;0,9409875;0,94;0,939946;;
15;2;"true";0,9533333;0,023333333;0,9688889;0,95344806;0,9533333;0,95332867;;
15;3;"true";0,92;0,04;0,94666666;0,92283475;0,92;0,91824156;;
15;5;"true";0,93333334;0,033333335;0,9555555;0,9358883;0,93333334;0,93266726;;
15;10;"true";0,94;0,03;0,96;0,94161224;0,94;0,93947965;;
16;2;"true";0,9533333;0,023333333;0,9688889;0,95344806;0,9533333;0,95332867;;
16;3;"true";0,92;0,04;0,94666666;0,92283475;0,92;0,91824156;;
16;5;"true";0,93333334;0,033333335;0,9555555;0,9358883;0,93333334;0,93266726;;
16;10;"true";0,93333334;0,033333335;0,9555555;0,93398905;0,93333334;0,93285125;;
17;2;"true";0,9533333;0,023333333;0,9688889;0,95344806;0,9533333;0,95332867;;
17;3;"true";0,92;0,04;0,94666666;0,92283475;0,92;0,91824156;;
17;5;"true";0,94;0,03;0,96;0,94161224;0,94;0,93947965;;
17;10;"true";0,93333334;0,033333335;0,9555555;0,93398905;0,93333334;0,93285125;;
18;2;"true";0,93333334;0,033333335;0,9555555;0,9330066;0,93333334;0,9329831;;
18;3;"true";0,94;0,03;0,96;0,94251597;0,94;0,93880236;;
18;5;"true";0,94666666;0,026666667;0,96444446;0,9475247;0,94666666;0,9462682;;
18;10;"true";0,94;0,03;0,96;0,9401362;0,94;0,93962806;;
19;2;"true";0,93333334;0,033333335;0,9555555;0,9330066;0,93333334;0,9329831;;
19;3;"true";0,92;0,04;0,94666666;0,92283475;0,92;0,91824156;;
19;5;"true";0,93333334;0,033333335;0,9555555;0,9358883;0,93333334;0,93266726;;
19;10;"true";0,93333334;0,033333335;0,9555555;0,93398905;0,93333334;0,93285125;;
20;2;"true";0,9266667;0,036666665;0,95111114;0,9276061;0,9266667;0,9266005;;
20;3;"true";0,91333336;0,043333333;0,9422222;0,9146664;0,91333336;0,911645;;
20;5;"true";0,9266667;0,036666665;0,95111114;0,9280319;0,9266667;0,9260519;;
20;10;"true";0,93333334;0,033333335;0,9555555;0,93398905;0,93333334;0,93285125;;
5;2;"false";0,95555556;0,022918962;0,97097397;0,9560869;0,95555556;0,9553095;;
5;3;"false";0,97037035;0,016371693;0,9805213;0,97125536;0,97037035;0,97019064;;
5;5;"false";0,94814813;0,0286243;0,9651028;0,95059806;0,94814813;0,948016;;
5;10;"false";0,962963;0,019380953;0,9758573;0,9631324;0,962963;0,96271837;;
6;2;"false";0,94244605;0,02747819;0,9628901;0,94528496;0,94244605;0,94225174;;
6;3;"false";0,9640288;0,017481977;0,97670925;0,9643149;0,9640288;0,9639394;;
6;5;"false";0,9640288;0,017481977;0,97670925;0,9643149;0,9640288;0,9639394;;
6;10;"false";0,9640288;0,017481977;0,97670925;0,9643149;0,9640288;0,9639394;;
7;2;"false";0,9305556;0,035405207;0,9541859;0,932054;0,9305556;0,92913884;;
7;3;"false";0,9513889;0,02432365;0,9678819;0,95117116;0,9513889;0,9510784;;
7;5;"false";0,9513889;0,023455216;0,96826774;0,9515367;0,9513889;0,9513944;;
7;10;"false";0,9513889;0,023455216;0,96826774;0,9515367;0,9513889;0,9513944;;
8;2;"false";0,8466667;0,07666667;0,89777774;0,86013854;0,8466667;0,8447094;;
8;3;"false";0,91333336;0,043333333;0,9422222;0,914317;0,91333336;0,9114583;;
8;5;"false";0,94666666;0,026666667;0,96444446;0,9475247;0,94666666;0,9462682;;
8;10;"false";0,94;0,03;0,96;0,9401362;0,94;0,93962806;;
9;2;"false";0,86;0,07;0,9066667;0,8693121;0,86;0,85783803;;
9;3;"false";0,93333334;0,033333335;0,9555555;0,9337259;0,93333334;0,9330921;;
9;5;"false";0,92;0,04;0,94666666;0,9204483;0,92;0,9190151;;
9;10;"false";0,93333334;0,033333335;0,9555555;0,9337259;0,93333334;0,9330921;;
10;2;"false";0,85333335;0,07333333;0,9022222;0,86467355;0,85333335;0,85129374;;
10;3;"false";0,9266667;0,036666665;0,95111114;0,9276998;0,9266667;0,9263788;;
10;5;"false";0,91333336;0,043333333;0,9422222;0,91437966;0,91333336;0,91213936;;
10;10;"false";0,9266667;0,036666665;0,95111114;0,9276998;0,9266667;0,9263788;;
11;2;"false";0,8666667;0,06666667;0,9111111;0,8801857;0,8666667;0,8656323;;
11;3;"false";0,93333334;0,033333335;0,9555555;0,93543935;0,93333334;0,93306947;;
11;5;"false";0,9266667;0,036666665;0,951111;0,9282447;0,9266667;0,92570406;;
11;10;"false";0,94;0,03;0,96;0,9412355;0,94;0,93979573;;
12;2;"false";0,8445946;0,078257754;0,8965029;0,8583955;0,8445946;0,84002393;;
12;3;"false";0,8783784;0,06091806;0,9191472;0,88239866;0,8783784;0,87425375;;
12;5;"false";0,9054054;0,04712876;0,93722606;0,9053363;0,9054054;0,9041502;;
12;10;"false";0,9054054;0,04712876;0,93722606;0,90725386;0,9054054;0,903912;;
13;2;"false";0,86;0,07;0,9066667;0,86881727;0,86;0,85740745;;
13;3;"false";0,87333333;0,06333333;0,91555554;0,8824012;0,87333333;0,86896414;;
13;5;"false";0,91333336;0,043333333;0,9422222;0,91437966;0,91333336;0,91213936;;
13;10;"false";0,91333336;0,043333333;0,9422222;0,91437966;0,91333336;0,91213936;;
14;2;"false";0,82;0,09;0,88;0,84670013;0,82;0,8182916;;
14;3;"false";0,86;0,07;0,9066667;0,8720935;0,86;0,85530263;;
14;5;"false";0,9;0,05;0,93333334;0,9015694;0,9;0,8983163;;
14;10;"false";0,9;0,05;0,93333334;0,9015694;0,9;0,8983163;;
15;2;"false";0,7733333;0,11333334;0,84888893;0,82525826;0,7733333;0,77211374;;
15;3;"false";0,84;0,08;0,8933333;0,85900676;0,84;0,8366365;;
15;5;"false";0,8933333;0,053333335;0,928889;0,8956044;0,8933333;0,8911917;;
15;10;"false";0,8933333;0,053333335;0,928889;0,8956044;0,8933333;0,8911917;;
16;2;"false";0,74666667;0,12666667;0,8311111;0,81726193;0,74666667;0,7454631;;
16;3;"false";0,84;0,08;0,8933333;0,85900676;0,84;0,8366365;;
16;5;"false";0,8933333;0,053333335;0,92888886;0,89793235;0,8933333;0,89135844;;
16;10;"false";0,8933333;0,053333335;0,92888886;0,89793235;0,8933333;0,89135844;;
17;2;"false";0,74666667;0,12666667;0,8311111;0,81726193;0,74666667;0,7454631;;
17;3;"false";0,8333333;0,083333336;0,88888884;0,8543512;0,8333333;0,8302531;;
17;5;"false";0,88666666;0,05666667;0,9244445;0,8920112;0,88666666;0,88478523;;
17;10;"false";0,88666666;0,05666667;0,9244445;0,8920112;0,88666666;0,88478523;;
18;2;"false";0,7266667;0,13666667;0,81777775;0,8073534;0,7266667;0,7243484;;
18;3;"false";0,8333333;0,083333336;0,88888884;0,86519957;0,8333333;0,8327836;;
18;5;"false";0,8466667;0,07666667;0,8977778;0,85910094;0,8466667;0,84326345;;
18;10;"false";0,8666667;0,06666667;0,91111106;0,87383384;0,8666667;0,8644029;;
19;2;"false";0,7266667;0,13666667;0,81777775;0,8073534;0,7266667;0,7243484;;
19;3;"false";0,82666665;0,086666666;0,88444436;0,8582011;0,82666665;0,82514626;;
19;5;"false";0,8466667;0,07666667;0,8977778;0,85910094;0,8466667;0,84326345;;
19;10;"false";0,8666667;0,06666667;0,91111106;0,87383384;0,8666667;0,8644029;;
20;2;"false";0,7;0,15;0,8;0,79734683;0,7;0,69660443;;
20;3;"false";0,82;0,09;0,88;0,8514797;0,82;0,8174603;;
20;5;"false";0,8466667;0,07666667;0,8977778;0,85910094;0,8466667;0,84326345;;
20;10;"false";0,8666667;0,06666667;0,91111106;0,87383384;0,8666667;0,8644029;;
"wine";;;;;;;;;;
"ranges";"folds";"smooth";"TP";"FP";"Accuracy";"Precision";"Recall";"F";;
5;2;"true";0,9494382;0,031665485;0,9641144;0,9516312;0,9494382;0,94973564;;
5;3;"true";0,9831461;0,010241017;0,98803806;0,98330206;0,9831461;0,98317546;;
5;5;"true";0,96067417;0,022556366;0,9723204;0,96086675;0,96067417;0,9607229;;
5;10;"true";0,96067417;0,023498798;0,9726676;0,9614718;0,96067417;0,9607699;;
6;2;"true";0,9775281;0,013968834;0,98393506;0,97789294;0,9775281;0,9775825;;
6;3;"true";0,96629214;0,020482035;0,9757291;0,9667141;0,96629214;0,96637666;;
6;5;"true";0,9775281;0,0130264005;0,98393506;0,9777153;0,9775281;0,97756934;;
6;10;"true";0,96629214;0,020482035;0,9760763;0,9669078;0,96629214;0,96640664;;
7;2;"true";0,96629214;0,018828548;0,97642344;0,96635985;0,96629214;0,9662742;;
7;3;"true";0,98876405;0,0065132002;0,99179393;0,98876405;0,98876405;0,98876405;;
7;5;"true";0,96629214;0,018828548;0,9757291;0,9662131;0,96629214;0,96620107;;
7;10;"true";0,9719101;0,015100731;0,98017925;0,9719369;0,9719101;0,97188133;;
8;2;"true";0,9719101;0,015100731;0,98017925;0,9719369;0,9719101;0,97188133;;
8;3;"true";0,9550562;0,026284182;0,96787024;0,9554316;0,9550562;0,95507777;;
8;5;"true";0,96067417;0,022556366;0,9719732;0,96079254;0,96067417;0,96069163;;
8;10;"true";0,96629214;0,020482035;0,9760763;0,9669078;0,96629214;0,96640664;;
9;2;"true";0,9775281;0,0130264005;0,98393506;0,9777153;0,9775281;0,97756934;;
9;3;"true";0,9719101;0,01675422;0,97983205;0,9721441;0,9719101;0,9719788;;
9;5;"true";0,9719101;0,01675422;0,98017925;0,97233146;0,9719101;0,9719596;;
9;10;"true";0,9775281;0,0130264005;0,98393506;0,9777153;0,9775281;0,97756934;;
10;2;"true";0,9550562;0,02534175;0,96787024;0,9550562;0,9550562;0,9550562;;
10;3;"true";0,9494382;0,029069565;0,96376723;0,9495378;0,9494382;0,9494469;;
10;5;"true";0,96067417;0,021613931;0,97162604;0,960548;0,96067417;0,96056366;;
10;10;"true";0,96629214;0,017886115;0,9757291;0,966362;0,96629214;0,9661983;;
11;2;"true";0,9719101;0,015100731;0,97983205;0,9718642;0,9719101;0,9718395;;
11;3;"true";0,9775281;0,012083968;0,98358786;0,9779178;0,9775281;0,97755486;;
11;5;"true";0,9831461;0,007645098;0,98803806;0,98362905;0,9831461;0,98308676;;
11;10;"true";0,9831461;0,007645098;0,98803806;0,98362905;0,9831461;0,98308676;;
12;2;"true";0,94382024;0,03279738;0,9603585;0,9444995;0,94382024;0,9439713;;
12;3;"true";0,96067417;0,02326742;0,97162604;0,96098626;0,96067417;0,9607821;;
12;5;"true";0,96067417;0,021613931;0,97162604;0,960548;0,96067417;0,96056366;;
12;10;"true";0,9550562;0,02534175;0,96787024;0,9550562;0,9550562;0,9550562;;
13;2;"true";0,9550562;0,02534175;0,96787024;0,9550562;0,9550562;0,9550562;;
13;3;"true";0,96067417;0,02326742;0,9719732;0,9612672;0,96067417;0,9608102;;
13;5;"true";0,9550562;0,026995236;0,96752304;0,9555352;0,9550562;0,9551707;;
13;10;"true";0,96629214;0,019539602;0,9757291;0,96657306;0,96629214;0,9663806;;
14;2;"true";0,96629214;0,019539602;0,9757291;0,96657306;0,96629214;0,9663806;;
14;3;"true";0,9719101;0,015811784;0,97983205;0,9723022;0,9719101;0,97196823;;
14;5;"true";0,9719101;0,01675422;0,98017925;0,97233146;0,9719101;0,9719596;;
14;10;"true";0,9719101;0,01675422;0,98017925;0,97233146;0,9719101;0,9719596;;
15;2;"true";0,9494382;0,029069565;0,96376723;0,9495378;0,9494382;0,9494469;;
15;3;"true";0,9775281;0,0130264005;0,98393506;0,9777153;0,9775281;0,97756934;;
15;5;"true";0,9831461;0,009298584;0,98803806;0,9834342;0,9831461;0,98315036;;
15;10;"true";0,9775281;0,0130264005;0,98428226;0,97789645;0,9775281;0,9775022;;
16;2;"true";0,9550562;0,026052801;0,96752304;0,9554307;0,9550562;0,95519185;;
16;3;"true";0,9719101;0,015811784;0,97983205;0,9723022;0,9719101;0,97196823;;
16;5;"true";0,96629214;0,019539602;0,9757291;0,96657306;0,96629214;0,9663806;;
16;10;"true";0,9719101;0,015811784;0,97983205;0,9723022;0,9719101;0,97196823;;
17;2;"true";0,96067417;0,02326742;0,97162604;0,96098626;0,96067417;0,9607821;;
17;3;"true";0,9719101;0,016043164;0,98017925;0,9720473;0,9719101;0,97193635;;
17;5;"true";0,9719101;0,015100731;0,98017925;0,9719369;0,9719101;0,97188133;;
17;10;"true";0,9775281;0,0130264005;0,98393506;0,9777153;0,9775281;0,97756934;;
18;2;"true";0,9550562;0,025110371;0,96752304;0,9559269;0,9550562;0,9551931;;
18;3;"true";0,9719101;0,01675422;0,97983205;0,9721441;0,9719101;0,9719788;;
18;5;"true";0,96629214;0,019539602;0,9760763;0,96684474;0,96629214;0,96635985;;
18;10;"true";0,9719101;0,015811784;0,97983205;0,9723022;0,9719101;0,97196823;;
19;2;"true";0,93820226;0,0336979;0,95556116;0,93884194;0,93820226;0,9381622;;
19;3;"true";0,96629214;0,019539602;0,9760763;0,96684474;0,96629214;0,96635985;;
19;5;"true";0,96067417;0,022324987;0,97162604;0,96117014;0,96067417;0,96078604;;
19;10;"true";0,96629214;0,018597169;0,9757291;0,9670539;0,96629214;0,96637005;;
20;2;"true";0,93820226;0,032986846;0,95590836;0,93836117;0,93820226;0,93799675;;
20;3;"true";0,96629214;0,019539602;0,9757291;0,96657306;0,96629214;0,9663806;;
20;5;"true";0,9719101;0,015100731;0,98017925;0,9719369;0,9719101;0,97188133;;
20;10;"true";0,96629214;0,019539602;0,9760763;0,96684474;0,96629214;0,96635985;;
5;2;"false";0,8876405;0,06136227;0,9237155;0,89855766;0,8876405;0,8887163;;
5;3;"false";0,9044944;0,05394856;0,9349199;0,91075766;0,9044944;0,9048225;;
5;5;"false";0,91573036;0,043897003;0,9420528;0,9221219;0,91573036;0,9164576;;
5;10;"false";0,9044944;0,05135264;0,9341939;0,9099807;0,9044944;0,90512276;;
6;2;"false";0,89325845;0,059519324;0,9281657;0,9023855;0,89325845;0,8933139;;
6;3;"false";0,9101124;0,051163174;0,9390229;0,9156568;0,9101124;0,9101932;;
6;5;"false";0,89325845;0,05857689;0,9285444;0,90339285;0,89325845;0,8935923;;
6;10;"false";0,9101124;0,052105602;0,93937004;0,91592276;0,9101124;0,90965325;;
7;2;"false";0,8651685;0,071081705;0,9097967;0,8769543;0,8651685;0,86498266;;
7;3;"false";0,89325845;0,05574959;0,93002784;0,9089997;0,89325845;0,8942351;;
7;5;"false";0,8876405;0,060882602;0,92368394;0,89173967;0,8876405;0,88794243;;
7;10;"false";0,9101124;0,0478562;0,93971723;0,91346854;0,9101124;0,9097509;;
8;2;"false";0,78089887;0,114515945;0,85371166;0,82690173;0,78089887;0,7809607;;
8;3;"false";0,8202247;0,09690312;0,88025504;0,8437827;0,8202247;0,8195036;;
8;5;"false";0,8483146;0,08038029;0,8985924;0,8620928;0,8483146;0,8486312;;
8;10;"false";0,8707865;0,069007374;0,9138998;0,8851755;0,8707865;0,8699693;;
9;2;"false";0,75842696;0,12731096;0,8373312;0,8167011;0,75842696;0,7616111;;
9;3;"false";0,8033708;0,10314303;0,8679775;0,84757894;0,8033708;0,8059466;;
9;5;"false";0,8258427;0,0920015;0,88221186;0,85902387;0,8258427;0,8286681;;
9;10;"false";0,83146065;0,09015855;0,8859361;0,85995656;0,83146065;0,8333169;;
10;2;"false";0,7977528;0,10144763;0,8657051;0,8557699;0,7977528;0,80119246;;
10;3;"false";0,8146067;0,094033904;0,8769095;0,8598576;0,8146067;0,81669927;;
10;5;"false";0,8483146;0,07732161;0,8997286;0,8770968;0,8483146;0,8504063;;
10;10;"false";0,8651685;0,068023026;0,9105858;0,89080966;0,8651685;0,8673905;;
11;2;"false";0,75842696;0,12000289;0,84061354;0,8448308;0,75842696;0,760097;;
11;3;"false";0,74157304;0,13001253;0,8268527;0,8410619;0,74157304;0,74477315;;
11;5;"false";0,78651685;0,10890327;0,8582249;0,84012175;0,78651685;0,7895745;;
11;10;"false";0,8258427;0,08940558;0,8833166;0,86016667;0,8258427;0,8292542;;
12;2;"false";0,6797753;0,16065174;0,7838972;0,8196754;0,6797753;0,68064475;;
12;3;"false";0,747191;0,13005444;0,83382773;0,83007544;0,747191;0,7412983;;
12;5;"false";0,78089887;0,112399705;0,85232294;0,8431072;0,78089887;0,78665626;;
12;10;"false";0,8033708;0,100315735;0,86763036;0,85982966;0,8033708;0,8075966;;
13;2;"false";0,66292137;0,1690079;0,7744918;0,8157172;0,66292137;0,6595653;;
13;3;"false";0,66853935;0,16739632;0,77641714;0,7890985;0,66853935;0,6712768;;
13;5;"false";0,75842696;0,12354124;0,83808863;0,8339879;0,75842696;0,76364297;;
13;10;"false";0,8202247;0,09195958;0,88104403;0,86761296;0,8202247;0,8233273;;
14;2;"false";0,66292137;0,16806546;0,77196693;0,8223564;0,66292137;0,6639707;;
14;3;"false";0,6797753;0,1597093;0,7850019;0,8276801;0,6797753;0,68120366;;
14;5;"false";0,7247191;0,13836867;0,8185519;0,8351533;0,7247191;0,72406983;;
14;10;"false";0,7921348;0,105886504;0,862328;0,8558758;0,7921348;0,7942565;;
15;2;"false";0,60674155;0,19591932;0,73674405;0,80883515;0,60674155;0,59607553;;
15;3;"false";0,69101125;0,15319611;0,79320794;0,8400848;0,69101125;0,69209534;;
15;5;"false";0,752809;0,12255689;0,839067;0,8584051;0,752809;0,7502062;;
15;10;"false";0,78089887;0,110514835;0,85629964;0,8571505;0,78089887;0,78068364;;
16;2;"false";0,5674157;0,21447456;0,7065711;0,8123347;0,5674157;0,54937875;;
16;3;"false";0,6516854;0,17363624;0,76593864;0,819864;0,6516854;0,65022063;;
16;5;"false";0,7247191;0,13765761;0,81817317;0,8249032;0,7247191;0,7246549;;
16;10;"false";0,76404494;0,11981343;0,84471655;0,8447125;0,76404494;0,7636864;;
17;2;"false";0,5;0,24813055;0,65875524;0,7607021;0,5;0,45474008;;
17;3;"false";0,5730337;0,21192056;0,7146509;0,7813506;0,5730337;0,55286527;;
17;5;"false";0,6966292;0,15064211;0,7962063;0,8232467;0,6966292;0,698733;;
17;10;"false";0,7303371;0,13581467;0,8189938;0,82168126;0,7303371;0,733003;;
18;2;"false";0,46629214;0,26484287;0,63849264;0,7453024;0,46629214;0,40659872;;
18;3;"false";0,5674157;0,21470594;0,7119997;0,7768396;0,5674157;0,542391;;
18;5;"false";0,6516854;0,1738676;0,76881075;0,79885995;0,6516854;0,642573;;
18;10;"false";0,69101125;0,15531236;0,7953542;0,8060612;0,69101125;0,6868315;;
19;2;"false";0,43258426;0,28132376;0,6153579;0,79076546;0,43258426;0,35425237;;
19;3;"false";0,56179774;0,21749133;0,7071708;0,77707064;0,56179774;0,5381966;;
19;5;"false";0,6235955;0,18756315;0,7483272;0,81308067;0,6235955;0,61573446;;
19;10;"false";0,6797753;0,16065174;0,7886315;0,8209485;0,6797753;0,6744814;;
20;2;"false";0,44382024;0,27504197;0,62100744;0,7706291;0,44382024;0,36969933;;
20;3;"false";0,53370786;0,23141825;0,6848252;0,7723449;0,53370786;0,5027692;;
20;5;"false";0,53932583;0,22863287;0,6900328;0,7723324;0,53932583;0,5129204;;
20;10;"false";0,6179775;0,1896375;0,7452973;0,79622674;0,6179775;0,6073075;;
